Fund;Fund Type;Fund focus;Contributor;Country;Country Income Level;Region;Pledged (USD million current);Deposited (USD million current);;;;
Adaptation for Smallholder Agriculture Programme (ASAP);Multilateral;Adaptation;Belgium;Belgium;High income;Europe & Central Asia;8,58;7,86;;;;
Adaptation for Smallholder Agriculture Programme (ASAP);Multilateral;Adaptation;Flanders;Belgium;High income;Europe & Central Asia;2,38;2,38;;;;
Adaptation for Smallholder Agriculture Programme (ASAP);Multilateral;Adaptation;Canada;Canada;High income;North America;20,35;19,88;;;;
Adaptation for Smallholder Agriculture Programme (ASAP);Multilateral;Adaptation;Finland;Finland;High income;Europe & Central Asia;7,15;6,83;;;;
Adaptation for Smallholder Agriculture Programme (ASAP);Multilateral;Adaptation;France;France;High income;Europe & Central Asia;0,67;0,67;;;;
Adaptation for Smallholder Agriculture Programme (ASAP);Multilateral;Adaptation;Korea, Rep.;Korea, Rep.;High income;East Asia & Pacific;3,00;3,00;;;;
Adaptation for Smallholder Agriculture Programme (ASAP);Multilateral;Adaptation;Netherlands;Netherlands;High income;Europe & Central Asia;57,23;48,58;;;;
Adaptation for Smallholder Agriculture Programme (ASAP);Multilateral;Adaptation;Norway;Norway;High income;Europe & Central Asia;21,32;18,79;;;;
Adaptation for Smallholder Agriculture Programme (ASAP);Multilateral;Adaptation;Sweden;Sweden;High income;Europe & Central Asia;10,64;10,38;;;;
Adaptation for Smallholder Agriculture Programme (ASAP);Multilateral;Adaptation;Switzerland;Switzerland;High income;Europe & Central Asia;11,84;10,95;;;;
Adaptation for Smallholder Agriculture Programme (ASAP);Multilateral;Adaptation;United Kingdom;United Kingdom;High income;Europe & Central Asia;239,18;202,84;;;;
Adaptation for Smallholder Agriculture Programme (ASAP+);Multilateral;Multiple Foci;Austria;Austria;High income;Europe & Central Asia;2,29;2,42;;;;
Adaptation for Smallholder Agriculture Programme (ASAP+);Multilateral;Multiple Foci;Denmark;Denmark;High income;Europe & Central Asia;25,19;15,01;;;;
Adaptation for Smallholder Agriculture Programme (ASAP+);Multilateral;Multiple Foci;Germany;Germany;High income;Europe & Central Asia;45,76;35,49;;;;
Adaptation for Smallholder Agriculture Programme (ASAP+);Multilateral;Multiple Foci;Ireland;Ireland;High income;Europe & Central Asia;5,72;6,72;;;;
Adaptation for Smallholder Agriculture Programme (ASAP+);Multilateral;Multiple Foci;Norway;Norway;High income;Europe & Central Asia;14,91;9,88;;;;
Adaptation for Smallholder Agriculture Programme (ASAP+);Multilateral;Multiple Foci;Qatar Fund for Development;Qatar;High income;Middle East & North Africa;0,50;0,50;;;;
Adaptation for Smallholder Agriculture Programme (ASAP+);Multilateral;Multiple Foci;Sweden;Sweden;High income;Europe & Central Asia;35,47;11,02;;;;
Adaptation Fund (AF);Multilateral;Adaptation;Austria;Austria;High income;Europe & Central Asia;27,21;27,21;;;;
Adaptation Fund (AF);Multilateral;Adaptation;Belgium;Belgium;High income;Europe & Central Asia;1,65;1,65;;;;
Adaptation Fund (AF);Multilateral;Adaptation;Belgium (Brussels Capital Region);Belgium;High income;Europe & Central Asia;14,35;12,26;;;;
Adaptation Fund (AF);Multilateral;Adaptation;Belgium (Flanders);Belgium;High income;Europe & Central Asia;13,09;13,09;;;;
Adaptation Fund (AF);Multilateral;Adaptation;Belgium (Wallonia Regions);Belgium;High income;Europe & Central Asia;47,39;40,02;;;;
Adaptation Fund (AF);Multilateral;Adaptation;Canada;Canada;High income;North America;7,30;7,30;;;;
Adaptation Fund (AF);Multilateral;Adaptation;Canada (Quebec);Canada (Quebec);High income;North America;24,93;24,93;;;;
Adaptation Fund (AF);Multilateral;Adaptation;Denmark;Denmark;High income;Europe & Central Asia;14,11;14,11;;;;
Adaptation Fund (AF);Multilateral;Adaptation;European Commission;Europe;Not applicable;Europe & Central Asia;106,92;54,47;;;;
Adaptation Fund (AF);Multilateral;Adaptation;Finland;Finland;High income;Europe & Central Asia;14,78;14,78;;;;
Adaptation Fund (AF);Multilateral;Adaptation;France;France;High income;Europe & Central Asia;44,48;38,92;;;;
Adaptation Fund (AF);Multilateral;Adaptation;Germany;Germany;High income;Europe & Central Asia;704,88;704,88;;;;
Adaptation Fund (AF);Multilateral;Adaptation;Investment Income;Investment Income;Not applicable;Not applicable;137,96;137,96;;;;
Adaptation Fund (AF);Multilateral;Adaptation;Iceland;Iceland;High income;Europe & Central Asia;3,23;2,00;;;;
Adaptation Fund (AF);Multilateral;Adaptation;Ireland;Ireland;High income;Europe & Central Asia;25,85;25,85;;;;
Adaptation Fund (AF);Multilateral;Adaptation;Italy;Italy;High income;Europe & Central Asia;71,65;71,65;;;;
Adaptation Fund (AF);Multilateral;Adaptation;Japan;Japan;High income;East Asia & Pacific;12,05;12,05;;;;
Adaptation Fund (AF);Multilateral;Adaptation;Korea, Rep.;Korea, Rep.;High income;East Asia & Pacific;2,61;1,78;;;;
Adaptation Fund (AF);Multilateral;Adaptation;Luxembourg;Luxembourg;High income;Europe & Central Asia;3,17;3,17;;;;
Adaptation Fund (AF);Multilateral;Adaptation;Monaco;Monaco;High income;Europe & Central Asia;0,01;0,01;;;;
Adaptation Fund (AF);Multilateral;Adaptation;New Zealand;New Zealand;High income;East Asia & Pacific;11,21;11,21;;;;
Adaptation Fund (AF);Multilateral;Adaptation;Norway;Norway;High income;Europe & Central Asia;59,57;48,01;;;;
Adaptation Fund (AF);Multilateral;Adaptation;Others;Others;Not applicable;Not applicable;0,00;0,00;;;;
Adaptation Fund (AF);Multilateral;Adaptation;Poland;Poland;High income;Europe & Central Asia;1,00;1,00;;;;
Adaptation Fund (AF);Multilateral;Adaptation;Portugal;Portugal;High income;Europe & Central Asia;1,06;1,06;;;;
Adaptation Fund (AF);Multilateral;Adaptation;Qatar;Qatar;High income;Middle East & North Africa;0,50;0,50;;;;
Adaptation Fund (AF);Multilateral;Adaptation;Corporacion Andina de Fomento (CAF);Regional;Not applicable;Not applicable;0,06;0,06;;;;
Adaptation Fund (AF);Multilateral;Adaptation;Sale of CERs;Sale of CERs;Not applicable;Not applicable;216,01;216,01;;;;
Adaptation Fund (AF);Multilateral;Adaptation;Slovenia;Slovenia;High income;Europe & Central Asia;0,04;0,04;;;;
Adaptation Fund (AF);Multilateral;Adaptation;Spain;Spain;High income;Europe & Central Asia;151,69;133,33;;;;
Adaptation Fund (AF);Multilateral;Adaptation;Sweden;Sweden;High income;Europe & Central Asia;207,50;207,50;;;;
Adaptation Fund (AF);Multilateral;Adaptation;Switzerland;Switzerland;High income;Europe & Central Asia;57,43;40,62;;;;
Adaptation Fund (AF);Multilateral;Adaptation;United Kingdom;United Kingdom;High income;Europe & Central Asia;33,14;33,14;;;;
Adaptation Fund (AF);Multilateral;Adaptation;United Nations Fund;United Nations Fund;Not applicable;Not applicable;0,07;0,07;;;;
Adaptation Fund (AF);Multilateral;Adaptation;United States;United States;High income;North America;100,00;40,75;;;;
Adaptation Fund (AF);Multilateral;Adaptation;UNFCCC Secretariat;UNFCCC Secretariat;Not applicable;Not applicable;20,00;20,00;;;;
Amazon Fund;Multi Donor National;Mitigation - REDD;Petrobras - Brasil;Brazil;Upper middle income;Latin America & Caribbean;7,71;7,71;;;;
Amazon Fund;Multi Donor National;Mitigation - REDD;Denmark;Denmark;High income;Europe & Central Asia;21,27;7,09;;;;
Amazon Fund;Multi Donor National;Mitigation - REDD;European Union;Europe;Not applicable;Europe & Central Asia;23,53;23,53;;;;
Amazon Fund;Multi Donor National;Mitigation - REDD;Germany;Germany;High income;Europe & Central Asia;105,80;105,80;;;;
Amazon Fund;Multi Donor National;Mitigation - REDD;Switzerland;Switzerland;High income;Europe & Central Asia;5,69;5,69;;;;
Amazon Fund;Multi Donor National;Mitigation - REDD;United Kingdom;United Kingdom;High income;Europe & Central Asia;49,43;49,43;;;;
Amazon Fund;Multi Donor National;Mitigation - REDD;United States;United States;High income;North America;446,26;446,26;;;;
Amazon Fund;Multi Donor National;Mitigation - REDD;Japan;Japan;High income;East Asia & Pacific;3,00;3,00;;;;
Amazon Fund;Multi Donor National;Mitigation - REDD;Norway;Norway;High income;Europe & Central Asia;1262,38;1262,38;;;;
BioCarbon Fund Initiative for Sustainable Forest Landscapes (BioCarbon Fund ISFL);Multilateral;Mitigation - REDD;Germany;Germany;High income;Europe & Central Asia;41,26;41,26;;;;
BioCarbon Fund Initiative for Sustainable Forest Landscapes (BioCarbon Fund ISFL);Multilateral;Mitigation - REDD;Norway;Norway;High income;Europe & Central Asia;18,89;18,89;;;;
BioCarbon Fund Initiative for Sustainable Forest Landscapes (BioCarbon Fund ISFL);Multilateral;Mitigation - REDD;Norway;Norway;High income;Europe & Central Asia;95,71;95,71;;;;
BioCarbon Fund Initiative for Sustainable Forest Landscapes (BioCarbon Fund ISFL);Multilateral;Mitigation - REDD;United Kingdom;United Kingdom;High income;Europe & Central Asia;37,48;25,68;;;;
BioCarbon Fund Initiative for Sustainable Forest Landscapes (BioCarbon Fund ISFL);Multilateral;Mitigation - REDD;United Kingdom;United Kingdom;High income;Europe & Central Asia;116,16;97,01;;;;
BioCarbon Fund Initiative for Sustainable Forest Landscapes (BioCarbon Fund ISFL);Multilateral;Mitigation - REDD;United States;United States;High income;North America;36,48;36,48;;;;
BioCarbon Fund Initiative for Sustainable Forest Landscapes (BioCarbon Fund ISFL);Multilateral;Mitigation - REDD;United States;United States;High income;North America;6,95;6,95;;;;
BioCarbon Fund Initiative for Sustainable Forest Landscapes (BioCarbon Fund ISFL);Multilateral;Mitigation - REDD;Switzerland;Switzerland;High income;Europe & Central Asia;7,06;7,06;;;;
BioCarbon Fund Initiative for Sustainable Forest Landscapes (BioCarbon Fund ISFL);Multilateral;Mitigation - REDD;Switzerland;Switzerland;High income;Europe & Central Asia;3,03;3,03;;;;
Central African Forest Initiative (CAFI);Multi Donor Regional;Mitigation - REDD;Belgium;Belgium;High income;Europe & Central Asia;13,22;13,22;;;;
Central African Forest Initiative (CAFI);Multi Donor Regional;Mitigation - REDD;European Union;Europe;Not applicable;Europe & Central Asia;15,10;15,10;;;;
Central African Forest Initiative (CAFI);Multi Donor Regional;Mitigation - REDD;France;France;High income;Europe & Central Asia;26,20;26,20;;;;
Central African Forest Initiative (CAFI);Multi Donor Regional;Mitigation - REDD;Germany;Germany;High income;Europe & Central Asia;277,11;265,64;;;;
Central African Forest Initiative (CAFI);Multi Donor Regional;Mitigation - REDD;Netherlands;Netherlands;High income;Europe & Central Asia;34,00;34,00;;;;
Central African Forest Initiative (CAFI);Multi Donor Regional;Mitigation - REDD;Norway;Norway;High income;Europe & Central Asia;482,42;374,38;;;;
Central African Forest Initiative (CAFI);Multi Donor Regional;Mitigation - REDD;Korea, Rep.;Korea, Rep.;High income;East Asia & Pacific;2,03;2,03;;;;
Central African Forest Initiative (CAFI);Multi Donor Regional;Mitigation - REDD;Sweden;Sweden;High income;Europe & Central Asia;7,41;7,41;;;;
Central African Forest Initiative (CAFI);Multi Donor Regional;Mitigation - REDD;United Kingdom;United Kingdom;High income;Europe & Central Asia;45,52;36,01;;;;
Clean Technology Fund (CTF);Multilateral;Mitigation - General;Australia;Australia;High income;East Asia & Pacific;86,33;86,33;;;;
Clean Technology Fund (CTF);Multilateral;Mitigation - General;Canada;Canada;High income;North America;969,51;969,51;;;;
Clean Technology Fund (CTF);Multilateral;Mitigation - General;Denmark;Denmark;High income;Europe & Central Asia;14,20;14,20;;;;
Clean Technology Fund (CTF);Multilateral;Mitigation - General;France;France;High income;Europe & Central Asia;220,61;220,61;;;;
Clean Technology Fund (CTF);Multilateral;Mitigation - General;Germany;Germany;High income;Europe & Central Asia;989,75;989,75;;;;
Clean Technology Fund (CTF);Multilateral;Mitigation - General;Japan;Japan;High income;East Asia & Pacific;1056,25;1056,25;;;;
Clean Technology Fund (CTF);Multilateral;Mitigation - General;Spain;Spain;High income;Europe & Central Asia;105,57;105,57;;;;
Clean Technology Fund (CTF);Multilateral;Mitigation - General;Sweden;Sweden;High income;Europe & Central Asia;88,49;88,49;;;;
Clean Technology Fund (CTF);Multilateral;Mitigation - General;United Kingdom;United Kingdom;High income;Europe & Central Asia;2067,83;2067,83;;;;
Clean Technology Fund (CTF);Multilateral;Mitigation - General;United States;United States;High income;North America;3335,47;3335,47;;;;
Congo Basin Forest Fund (CBFF);Multi Donor Regional;Mitigation - REDD;Canada;Canada;High income;North America;21,02;21,02;;;;
Congo Basin Forest Fund (CBFF);Multi Donor Regional;Mitigation - REDD;Norway ;Norway;High income;Europe & Central Asia;82,50;82,50;;;;
Congo Basin Forest Fund (CBFF);Multi Donor Regional;Mitigation - REDD;United Kingdom;United Kingdom;High income;Europe & Central Asia;82,50;61,13;;;;
Forest Carbon Partnership Facility - Carbon Fund (FCPF-CF);Multilateral;Mitigation - REDD;Australia;Australia;High income;East Asia & Pacific;18,39;18,39;;;;
Forest Carbon Partnership Facility - Carbon Fund (FCPF-CF);Multilateral;Mitigation - REDD;Canada;Canada;High income;North America;5,02;5,02;;;;
Forest Carbon Partnership Facility - Carbon Fund (FCPF-CF);Multilateral;Mitigation - REDD;European Commission;Europe;Not applicable;Europe & Central Asia;6,71;6,71;;;;
Forest Carbon Partnership Facility - Carbon Fund (FCPF-CF);Multilateral;Mitigation - REDD;France;France;High income;Europe & Central Asia;5,11;5,11;;;;
Forest Carbon Partnership Facility - Carbon Fund (FCPF-CF);Multilateral;Mitigation - REDD;Germany;Germany;High income;Europe & Central Asia;321,30;321,30;;;;
Forest Carbon Partnership Facility - Carbon Fund (FCPF-CF);Multilateral;Mitigation - REDD;Investment Income;Investment Income;Not applicable;Not applicable;72,64;72,64;;;;
Forest Carbon Partnership Facility - Carbon Fund (FCPF-CF);Multilateral;Mitigation - REDD;Norway;Norway;High income;Europe & Central Asia;297,09;297,09;;;;
Forest Carbon Partnership Facility - Carbon Fund (FCPF-CF);Multilateral;Mitigation - REDD;TNC;Others;Not applicable;Not applicable;5,00;5,00;;;;
Forest Carbon Partnership Facility - Carbon Fund (FCPF-CF);Multilateral;Mitigation - REDD;Switzerland;Switzerland;High income;Europe & Central Asia;10,80;10,80;;;;
Forest Carbon Partnership Facility - Carbon Fund (FCPF-CF);Multilateral;Mitigation - REDD;BP Technology Ventures;United Kingdom;High income;Europe & Central Asia;5,00;5,00;;;;
Forest Carbon Partnership Facility - Carbon Fund (FCPF-CF);Multilateral;Mitigation - REDD;United Kingdom ;United Kingdom;High income;Europe & Central Asia;181,58;181,58;;;;
Forest Carbon Partnership Facility - Carbon Fund (FCPF-CF);Multilateral;Mitigation - REDD;United States;United States;High income;North America;18,50;18,50;;;;
Forest Carbon Partnership Facility - Readiness Fund (FCPF-RF);Multilateral;Mitigation - REDD;Australia;Australia;High income;East Asia & Pacific;23,89;23,89;;;;
Forest Carbon Partnership Facility - Readiness Fund (FCPF-RF);Multilateral;Mitigation - REDD;Canada;Canada;High income;North America;41,36;41,36;;;;
Forest Carbon Partnership Facility - Readiness Fund (FCPF-RF);Multilateral;Mitigation - REDD;Denmark;Denmark;High income;Europe & Central Asia;5,80;5,80;;;;
Forest Carbon Partnership Facility - Readiness Fund (FCPF-RF);Multilateral;Mitigation - REDD;European Commission;Europe;Not applicable;Europe & Central Asia;5,17;5,17;;;;
Forest Carbon Partnership Facility - Readiness Fund (FCPF-RF);Multilateral;Mitigation - REDD;Finland;Finland;High income;Europe & Central Asia;23,20;23,20;;;;
Forest Carbon Partnership Facility - Readiness Fund (FCPF-RF);Multilateral;Mitigation - REDD;France;France;High income;Europe & Central Asia;10,34;10,34;;;;
Forest Carbon Partnership Facility - Readiness Fund (FCPF-RF);Multilateral;Mitigation - REDD;Germany;Germany;High income;Europe & Central Asia;106,38;106,38;;;;
Forest Carbon Partnership Facility - Readiness Fund (FCPF-RF);Multilateral;Mitigation - REDD;Investment Income;Investment Income;Not applicable;Not applicable;73,40;73,40;;;;
Forest Carbon Partnership Facility - Readiness Fund (FCPF-RF);Multilateral;Mitigation - REDD;Italy;Italy;High income;Europe & Central Asia;5,00;5,00;;;;
Forest Carbon Partnership Facility - Readiness Fund (FCPF-RF);Multilateral;Mitigation - REDD;Japan;Japan;High income;East Asia & Pacific;14,00;14,00;;;;
Forest Carbon Partnership Facility - Readiness Fund (FCPF-RF);Multilateral;Mitigation - REDD;Netherlands;Netherlands;High income;Europe & Central Asia;20,27;20,27;;;;
Forest Carbon Partnership Facility - Readiness Fund (FCPF-RF);Multilateral;Mitigation - REDD;Norway;Norway;High income;Europe & Central Asia;113,70;113,70;;;;
Forest Carbon Partnership Facility - Readiness Fund (FCPF-RF);Multilateral;Mitigation - REDD;Spain;Spain;High income;Europe & Central Asia;7,05;7,05;;;;
Forest Carbon Partnership Facility - Readiness Fund (FCPF-RF);Multilateral;Mitigation - REDD;Switzerland;Switzerland;High income;Europe & Central Asia;8,21;8,21;;;;
Forest Carbon Partnership Facility - Readiness Fund (FCPF-RF);Multilateral;Mitigation - REDD;United Kingdom;United Kingdom;High income;Europe & Central Asia;5,77;5,77;;;;
Forest Carbon Partnership Facility - Readiness Fund (FCPF-RF);Multilateral;Mitigation - REDD;United States;United States;High income;North America;9,00;9,00;;;;
Forest Investment Program (FIP);Multilateral;Mitigation - REDD;Australia;Australia;High income;East Asia & Pacific;35,28;35,28;;;;
Forest Investment Program (FIP);Multilateral;Mitigation - REDD;Denmark;Denmark;High income;Europe & Central Asia;13,40;13,40;;;;
Forest Investment Program (FIP);Multilateral;Mitigation - REDD;Japan;Japan;High income;East Asia & Pacific;50,61;50,61;;;;
Forest Investment Program (FIP);Multilateral;Mitigation - REDD;Netherlands;Netherlands;High income;Europe & Central Asia;2,20;2,20;;;;
Forest Investment Program (FIP);Multilateral;Mitigation - REDD;Norway;Norway;High income;Europe & Central Asia;142,13;142,13;;;;
Forest Investment Program (FIP);Multilateral;Mitigation - REDD;Spain;Spain;High income;Europe & Central Asia;12,96;12,96;;;;
Forest Investment Program (FIP);Multilateral;Mitigation - REDD;Sweden;Sweden;High income;Europe & Central Asia;14,53;14,53;;;;
Forest Investment Program (FIP);Multilateral;Mitigation - REDD;Switzerland;Switzerland;High income;Europe & Central Asia;0,70;0,70;;;;
Forest Investment Program (FIP);Multilateral;Mitigation - REDD;United Kingdom;United Kingdom;High income;Europe & Central Asia;311,40;311,40;;;;
Forest Investment Program (FIP);Multilateral;Mitigation - REDD;United States;United States;High income;North America;167,95;167,95;;;;
Fund for Responding to Loss and Damage (FRLD);Multilateral;Multiple Foci;Australia;Australia;High income;East Asia & Pacific;32,50;0,00;;;;
Fund for Responding to Loss and Damage (FRLD);Multilateral;Multiple Foci;Austria;Austria;High income;Europe & Central Asia;26,40;0,00;;;;
Fund for Responding to Loss and Damage (FRLD);Multilateral;Multiple Foci;Canada;Canada;High income;North America;11,40;0,00;;;;
Fund for Responding to Loss and Damage (FRLD);Multilateral;Multiple Foci;Denmark;Denmark;High income;Europe & Central Asia;24,80;24,80;;;;
Fund for Responding to Loss and Damage (FRLD);Multilateral;Multiple Foci;Estonia;Estonia;High income;Europe & Central Asia;0,10;0,00;;;;
Fund for Responding to Loss and Damage (FRLD);Multilateral;Multiple Foci;European Commission;Europe;Not applicable;Europe & Central Asia;26,40;0,00;;;;
Fund for Responding to Loss and Damage (FRLD);Multilateral;Multiple Foci;Finland;Finland;High income;Europe & Central Asia;3,20;0,00;;;;
Fund for Responding to Loss and Damage (FRLD);Multilateral;Multiple Foci;France;France;High income;Europe & Central Asia;105,60;0,00;;;;
Fund for Responding to Loss and Damage (FRLD);Multilateral;Multiple Foci;Germany;Germany;High income;Europe & Central Asia;97,20;44,40;;;;
Fund for Responding to Loss and Damage (FRLD);Multilateral;Multiple Foci;Iceland;Iceland;High income;Europe & Central Asia;0,60;0,00;;;;
Fund for Responding to Loss and Damage (FRLD);Multilateral;Multiple Foci;Ireland;Ireland;High income;Europe & Central Asia;26,40;10,50;;;;
Fund for Responding to Loss and Damage (FRLD);Multilateral;Multiple Foci;Italy;Italy;High income;Europe & Central Asia;105,60;0,00;;;;
Fund for Responding to Loss and Damage (FRLD);Multilateral;Multiple Foci;Japan;Japan;High income;East Asia & Pacific;10,00;0,00;;;;
Fund for Responding to Loss and Damage (FRLD);Multilateral;Multiple Foci;Korea, Rep.;Korea, Rep.;High income;East Asia & Pacific;7,00;0,00;;;;
Fund for Responding to Loss and Damage (FRLD);Multilateral;Multiple Foci;Luxembourg;Luxembourg;High income;Europe & Central Asia;8,50;0,00;;;;
Fund for Responding to Loss and Damage (FRLD);Multilateral;Multiple Foci;Netherlands;Netherlands;High income;Europe & Central Asia;15,80;15,80;;;;
Fund for Responding to Loss and Damage (FRLD);Multilateral;Multiple Foci;New Zealand;New Zealand;High income;East Asia & Pacific;5,90;0,00;;;;
Fund for Responding to Loss and Damage (FRLD);Multilateral;Multiple Foci;Norway;Norway;High income;Europe & Central Asia;25,00;25,00;;;;
Fund for Responding to Loss and Damage (FRLD);Multilateral;Multiple Foci;Portugal;Portugal;High income;Europe & Central Asia;5,30;0,00;;;;
Fund for Responding to Loss and Damage (FRLD);Multilateral;Multiple Foci;Slovenia;Slovenia;High income;Europe & Central Asia;1,60;0,00;;;;
Fund for Responding to Loss and Damage (FRLD);Multilateral;Multiple Foci;Spain;Spain;High income;Europe & Central Asia;21,10;0,00;;;;
Fund for Responding to Loss and Damage (FRLD);Multilateral;Multiple Foci;Sweden;Sweden;High income;Europe & Central Asia;18,30;0,00;;;;
Fund for Responding to Loss and Damage (FRLD);Multilateral;Multiple Foci;United Arab Emirates;United Arab Emirates;High income;Middle East & North Africa;100,00;0,00;;;;
Fund for Responding to Loss and Damage (FRLD);Multilateral;Multiple Foci;United Kingdom;United Kingdom;High income;Europe & Central Asia;50,80;0,00;;;;
Fund for Responding to Loss and Damage (FRLD);Multilateral;Multiple Foci;United States;United States;High income;North America;17,60;17,60;;;;
Fund for Responding to Loss and Damage (FRLD);Multilateral;Multiple Foci;Belgium (Wallonia);Belgium;High income;Europe & Central Asia;2,10;1,10;;;;
Global Climate Change Alliance (GCCA);Multilateral;Multiple Foci;11th EDF intra ACP allocation;Europe;Not applicable;Europe & Central Asia;88,76;88,76;;;;
Global Climate Change Alliance (GCCA);Multilateral;Multiple Foci;Intra Africa Caribbean and Pacific (ACP) Programme;Europe;Not applicable;Europe & Central Asia;46,91;46,91;;;;
Global Climate Change Alliance (GCCA);Multilateral;Multiple Foci;Cyprus;Cyprus;High income;Europe & Central Asia;1,35;1,35;;;;
Global Climate Change Alliance (GCCA);Multilateral;Multiple Foci;Czech Republic;Czech Republic;High income;Europe & Central Asia;0,22;0,22;;;;
Global Climate Change Alliance (GCCA);Multilateral;Multiple Foci;Estonia;Estonia;High income;Europe & Central Asia;0,90;0,90;;;;
Global Climate Change Alliance (GCCA);Multilateral;Multiple Foci;5 EU Member States;Europe;Not applicable;Europe & Central Asia;46,91;46,91;;;;
Global Climate Change Alliance (GCCA);Multilateral;Multiple Foci;EC Fast Start Funding;Europe;Not applicable;Europe & Central Asia;84,10;84,10;;;;
Global Climate Change Alliance (GCCA);Multilateral;Multiple Foci;European Commission;Europe;Not applicable;Europe & Central Asia;154,25;154,25;;;;
Global Climate Change Alliance (GCCA);Multilateral;Multiple Foci;European Development Fund;Europe;Not applicable;Europe & Central Asia;44,85;44,85;;;;
Global Climate Change Alliance (GCCA);Multilateral;Multiple Foci;ENRTP programme;Europe;Not applicable;Europe & Central Asia;380,39;380,39;;;;
Global Climate Change Alliance (GCCA);Multilateral;Multiple Foci;Global Goods and Challenges Programme (GPGC);Europe;Not applicable;Europe & Central Asia;763,71;763,71;;;;
Global Climate Change Alliance (GCCA);Multilateral;Multiple Foci;Ireland;Ireland;High income;Europe & Central Asia;34,76;34,76;;;;
Global Climate Change Alliance (GCCA);Multilateral;Multiple Foci;Sweden;Sweden;High income;Europe & Central Asia;5,72;5,72;;;;
Global Energy Efficiency and Renewable Energy Fund (GEEREF);Multilateral;Mitigation - General;European Commission;Europe;Not applicable;Europe & Central Asia;120,00;114,00;;;;
Global Energy Efficiency and Renewable Energy Fund (GEEREF);Multilateral;Mitigation - General;Germany;Germany;High income;Europe & Central Asia;36,00;36,00;;;;
Global Energy Efficiency and Renewable Energy Fund (GEEREF);Multilateral;Mitigation - General;Norway;Norway;High income;Europe & Central Asia;13,50;13,50;;;;
Global Energy Efficiency and Renewable Energy Fund (GEEREF);Multilateral;Mitigation - General;Private Sector Investors (24 investors from North America, Europe and Australasia);Private Sector Investors;Not applicable;Not applicable;112,00;112,00;;;;
Global Environment Facility (GEF4);Multilateral;Multiple Foci;Australia;Australia;High income;East Asia & Pacific;15,03;15,03;;;;
Global Environment Facility (GEF4);Multilateral;Multiple Foci;Austria;Austria;High income;Europe & Central Asia;10,81;10,81;;;;
Global Environment Facility (GEF4);Multilateral;Multiple Foci;Belgium;Belgium;High income;Europe & Central Asia;20,47;20,47;;;;
Global Environment Facility (GEF4);Multilateral;Multiple Foci;Brazil;Brazil;Upper middle income;Latin America & Caribbean;0,06;0,06;;;;
Global Environment Facility (GEF4);Multilateral;Multiple Foci;Canada;Canada;High income;North America;43,19;43,19;;;;
Global Environment Facility (GEF4);Multilateral;Multiple Foci;China;China;Upper middle income;East Asia & Pacific;3,44;3,44;;;;
Global Environment Facility (GEF4);Multilateral;Multiple Foci;Czech Republic;Czech Republic;High income;Europe & Central Asia;2,27;2,27;;;;
Global Environment Facility (GEF4);Multilateral;Multiple Foci;Denmark;Denmark;High income;Europe & Central Asia;16,83;16,83;;;;
Global Environment Facility (GEF4);Multilateral;Multiple Foci;Finland;Finland;High income;Europe & Central Asia;13,80;13,80;;;;
Global Environment Facility (GEF4);Multilateral;Multiple Foci;France;France;High income;Europe & Central Asia;62,32;62,32;;;;
Global Environment Facility (GEF4);Multilateral;Multiple Foci;Germany;Germany;High income;Europe & Central Asia;97,39;97,39;;;;
Global Environment Facility (GEF4);Multilateral;Multiple Foci;Greece;Greece;High income;Europe & Central Asia;2,54;2,54;;;;
Global Environment Facility (GEF4);Multilateral;Multiple Foci;India;India;Lower middle income;South Asia;3,25;3,25;;;;
Global Environment Facility (GEF4);Multilateral;Multiple Foci;Investment Income;Investment Income;Not applicable;Not applicable;329,18;329,18;;;;
Global Environment Facility (GEF4);Multilateral;Multiple Foci;Ireland;Ireland;High income;Europe & Central Asia;2,54;2,54;;;;
Global Environment Facility (GEF4);Multilateral;Multiple Foci;Italy;Italy;High income;Europe & Central Asia;35,57;35,57;;;;
Global Environment Facility (GEF4);Multilateral;Multiple Foci;Japan;Japan;High income;East Asia & Pacific;100,69;100,69;;;;
Global Environment Facility (GEF4);Multilateral;Multiple Foci;Korea, Rep.;Korea, Rep.;High income;East Asia & Pacific;2,16;2,16;;;;
Global Environment Facility (GEF4);Multilateral;Multiple Foci;Luxembourg;Luxembourg;High income;Europe & Central Asia;1,94;1,94;;;;
Global Environment Facility (GEF4);Multilateral;Multiple Foci;Mexico;Mexico;Upper middle income;Latin America & Caribbean;1,94;1,94;;;;
Global Environment Facility (GEF4);Multilateral;Multiple Foci;Netherlands;Netherlands;High income;Europe & Central Asia;36,17;36,17;;;;
Global Environment Facility (GEF4);Multilateral;Multiple Foci;New Zealand;New Zealand;High income;East Asia & Pacific;1,94;1,94;;;;
Global Environment Facility (GEF4);Multilateral;Multiple Foci;Norway;Norway;High income;Europe & Central Asia;11,68;11,68;;;;
Global Environment Facility (GEF4);Multilateral;Multiple Foci;Pakistan;Pakistan;Lower middle income;South Asia;1,94;1,94;;;;
Global Environment Facility (GEF4);Multilateral;Multiple Foci;Portugal;Portugal;High income;Europe & Central Asia;2,32;2,32;;;;
Global Environment Facility (GEF4);Multilateral;Multiple Foci;Slovenia;Slovenia;High income;Europe & Central Asia;2,12;2,12;;;;
Global Environment Facility (GEF4);Multilateral;Multiple Foci;South Africa;South Africa;Upper middle income;Sub-Saharan Africa;1,94;1,94;;;;
Global Environment Facility (GEF4);Multilateral;Multiple Foci;Spain;Spain;High income;Europe & Central Asia;8,77;8,77;;;;
Global Environment Facility (GEF4);Multilateral;Multiple Foci;Sweden;Sweden;High income;Europe & Central Asia;36,89;36,89;;;;
Global Environment Facility (GEF4);Multilateral;Multiple Foci;Switzerland;Switzerland;High income;Europe & Central Asia;22,99;22,99;;;;
Global Environment Facility (GEF4);Multilateral;Multiple Foci;Turkey;Turkey;Upper middle income;Europe & Central Asia;1,94;1,94;;;;
Global Environment Facility (GEF4);Multilateral;Multiple Foci;United Kingdom;United Kingdom;High income;Europe & Central Asia;83,22;83,22;;;;
Global Environment Facility (GEF4);Multilateral;Multiple Foci;United States;United States;High income;North America;105,64;105,64;;;;
Global Environment Facility (GEF5);Multilateral;Multiple Foci;Australia;Australia;High income;East Asia & Pacific;26,09;26,09;;;;
Global Environment Facility (GEF5);Multilateral;Multiple Foci;Austria;Austria;High income;Europe & Central Asia;19,81;19,81;;;;
Global Environment Facility (GEF5);Multilateral;Multiple Foci;Belgium;Belgium;High income;Europe & Central Asia;19,54;19,54;;;;
Global Environment Facility (GEF5);Multilateral;Multiple Foci;Canada;Canada;High income;North America;66,70;66,70;;;;
Global Environment Facility (GEF5);Multilateral;Multiple Foci;China;China;Upper middle income;East Asia & Pacific;4,83;4,83;;;;
Global Environment Facility (GEF5);Multilateral;Multiple Foci;Czech Republic;Czech Republic;High income;Europe & Central Asia;2,27;2,27;;;;
Global Environment Facility (GEF5);Multilateral;Multiple Foci;Denmark;Denmark;High income;Europe & Central Asia;26,00;26,00;;;;
Global Environment Facility (GEF5);Multilateral;Multiple Foci;Finland;Finland;High income;Europe & Central Asia;27,73;27,73;;;;
Global Environment Facility (GEF5);Multilateral;Multiple Foci;France;France;High income;Europe & Central Asia;95,80;95,80;;;;
Global Environment Facility (GEF5);Multilateral;Multiple Foci;Germany;Germany;High income;Europe & Central Asia;154,26;154,26;;;;
Global Environment Facility (GEF5);Multilateral;Multiple Foci;Greece;Greece;High income;Europe & Central Asia;6,26;4,50;;;;
Global Environment Facility (GEF5);Multilateral;Multiple Foci;India;India;Lower middle income;South Asia;3,16;3,16;;;;
Global Environment Facility (GEF5);Multilateral;Multiple Foci;Investment Income;Investment Income;Not applicable;Not applicable;49,91;49,91;;;;
Global Environment Facility (GEF5);Multilateral;Multiple Foci;Ireland;Ireland;High income;Europe & Central Asia;2,77;2,77;;;;
Global Environment Facility (GEF5);Multilateral;Multiple Foci;Italy;Italy;High income;Europe & Central Asia;8,40;8,40;;;;
Global Environment Facility (GEF5);Multilateral;Multiple Foci;Japan;Japan;High income;East Asia & Pacific;162,61;162,61;;;;
Global Environment Facility (GEF5);Multilateral;Multiple Foci;Korea, Rep.;Korea, Rep.;High income;East Asia & Pacific;2,63;2,63;;;;
Global Environment Facility (GEF5);Multilateral;Multiple Foci;Luxembourg;Luxembourg;High income;Europe & Central Asia;1,97;1,97;;;;
Global Environment Facility (GEF5);Multilateral;Multiple Foci;Mexico;Mexico;Upper middle income;Latin America & Caribbean;3,22;3,22;;;;
Global Environment Facility (GEF5);Multilateral;Multiple Foci;Netherlands;Netherlands;High income;Europe & Central Asia;36,85;36,85;;;;
Global Environment Facility (GEF5);Multilateral;Multiple Foci;New Zealand;New Zealand;High income;East Asia & Pacific;1,97;1,97;;;;
Global Environment Facility (GEF5);Multilateral;Multiple Foci;Nigeria;Nigeria;Lower middle income;Sub-Saharan Africa;6,31;5,35;;;;
Global Environment Facility (GEF5);Multilateral;Multiple Foci;Norway;Norway;High income;Europe & Central Asia;18,98;18,98;;;;
Global Environment Facility (GEF5);Multilateral;Multiple Foci;Pakistan;Pakistan;Lower middle income;South Asia;6,26;6,26;;;;
Global Environment Facility (GEF5);Multilateral;Multiple Foci;Portugal;Portugal;High income;Europe & Central Asia;6,26;4,50;;;;
Global Environment Facility (GEF5);Multilateral;Multiple Foci;Russian Federation;Russian Federation;Upper middle income;Europe & Central Asia;3,51;3,51;;;;
Global Environment Facility (GEF5);Multilateral;Multiple Foci;Slovenia;Slovenia;High income;Europe & Central Asia;2,13;2,13;;;;
Global Environment Facility (GEF5);Multilateral;Multiple Foci;South Africa;South Africa;Upper middle income;Sub-Saharan Africa;2,15;2,15;;;;
Global Environment Facility (GEF5);Multilateral;Multiple Foci;Spain;Spain;High income;Europe & Central Asia;13,70;13,70;;;;
Global Environment Facility (GEF5);Multilateral;Multiple Foci;Sweden;Sweden;High income;Europe & Central Asia;42,15;42,15;;;;
Global Environment Facility (GEF5);Multilateral;Multiple Foci;Switzerland;Switzerland;High income;Europe & Central Asia;37,21;37,21;;;;
Global Environment Facility (GEF5);Multilateral;Multiple Foci;United Kingdom;United Kingdom;High income;Europe & Central Asia;105,81;105,81;;;;
Global Environment Facility (GEF5);Multilateral;Multiple Foci;United States;United States;High income;North America;185,15;185,15;;;;
Global Environment Facility (GEF6);Multilateral;Multiple Foci;Australia;Australia;High income;East Asia & Pacific;24,07;24,07;;;;
Global Environment Facility (GEF6);Multilateral;Multiple Foci;Austria;Austria;High income;Europe & Central Asia;18,36;18,36;;;;
Global Environment Facility (GEF6);Multilateral;Multiple Foci;Bangladesh;Bangladesh;Lower middle income;South Asia;0,05;0,05;;;;
Global Environment Facility (GEF6);Multilateral;Multiple Foci;Belgium;Belgium;High income;Europe & Central Asia;27,17;27,17;;;;
Global Environment Facility (GEF6);Multilateral;Multiple Foci;Brazil;Brazil;Upper middle income;Latin America & Caribbean;5,13;1,61;;;;
Global Environment Facility (GEF6);Multilateral;Multiple Foci;Canada;Canada;High income;North America;64,13;64,13;;;;
Global Environment Facility (GEF6);Multilateral;Multiple Foci;China;China;Upper middle income;East Asia & Pacific;6,80;6,80;;;;
Global Environment Facility (GEF6);Multilateral;Multiple Foci;Czech Republic;Czech Republic;High income;Europe & Central Asia;1,56;1,56;;;;
Global Environment Facility (GEF6);Multilateral;Multiple Foci;Denmark;Denmark;High income;Europe & Central Asia;21,25;21,25;;;;
Global Environment Facility (GEF6);Multilateral;Multiple Foci;Finland;Finland;High income;Europe & Central Asia;22,10;22,10;;;;
Global Environment Facility (GEF6);Multilateral;Multiple Foci;France;France;High income;Europe & Central Asia;102,00;102,00;;;;
Global Environment Facility (GEF6);Multilateral;Multiple Foci;Germany;Germany;High income;Europe & Central Asia;127,81;127,81;;;;
Global Environment Facility (GEF6);Multilateral;Multiple Foci;India;India;Lower middle income;South Asia;4,08;4,08;;;;
Global Environment Facility (GEF6);Multilateral;Multiple Foci;Ireland;Ireland;High income;Europe & Central Asia;2,11;2,11;;;;
Global Environment Facility (GEF6);Multilateral;Multiple Foci;Italy;Italy;High income;Europe & Central Asia;33,59;33,59;;;;
Global Environment Facility (GEF6);Multilateral;Multiple Foci;Japan;Japan;High income;East Asia & Pacific;170,14;170,14;;;;
Global Environment Facility (GEF6);Multilateral;Multiple Foci;Korea, Rep.;Korea, Rep.;High income;East Asia & Pacific;2,55;2,55;;;;
Global Environment Facility (GEF6);Multilateral;Multiple Foci;Luxembourg;Luxembourg;High income;Europe & Central Asia;1,67;1,67;;;;
Global Environment Facility (GEF6);Multilateral;Multiple Foci;Mexico;Mexico;Upper middle income;Latin America & Caribbean;5,51;5,51;;;;
Global Environment Facility (GEF6);Multilateral;Multiple Foci;Netherlands;Netherlands;High income;Europe & Central Asia;17,82;17,82;;;;
Global Environment Facility (GEF6);Multilateral;Multiple Foci;New Zealand;New Zealand;High income;East Asia & Pacific;1,90;1,90;;;;
Global Environment Facility (GEF6);Multilateral;Multiple Foci;Norway;Norway;High income;Europe & Central Asia;12,57;12,57;;;;
Global Environment Facility (GEF6);Multilateral;Multiple Foci;Pakistan;Pakistan;Lower middle income;South Asia;2,04;2,04;;;;
Global Environment Facility (GEF6);Multilateral;Multiple Foci;Russian Federation;Russian Federation;Upper middle income;Europe & Central Asia;4,84;0,64;;;;
Global Environment Facility (GEF6);Multilateral;Multiple Foci;Slovenia;Slovenia;High income;Europe & Central Asia;1,67;1,67;;;;
Global Environment Facility (GEF6);Multilateral;Multiple Foci;South Africa;South Africa;Upper middle income;Sub-Saharan Africa;1,77;1,77;;;;
Global Environment Facility (GEF6);Multilateral;Multiple Foci;Spain;Spain;High income;Europe & Central Asia;10,68;10,68;;;;
Global Environment Facility (GEF6);Multilateral;Multiple Foci;Sweden;Sweden;High income;Europe & Central Asia;52,50;52,50;;;;
Global Environment Facility (GEF6);Multilateral;Multiple Foci;Switzerland;Switzerland;High income;Europe & Central Asia;43,75;43,75;;;;
Global Environment Facility (GEF6);Multilateral;Multiple Foci;United Kingdom;United Kingdom;High income;Europe & Central Asia;105,67;105,67;;;;
Global Environment Facility (GEF6);Multilateral;Multiple Foci;United States;United States;High income;North America;221,88;221,88;;;;
Global Environment Facility (GEF7);Multilateral;Multiple Foci;Australia;Australia;High income;East Asia & Pacific;11,79;11,79;;;;
Global Environment Facility (GEF7);Multilateral;Multiple Foci;Austria;Austria;High income;Europe & Central Asia;11,90;11,90;;;;
Global Environment Facility (GEF7);Multilateral;Multiple Foci;Belgium;Belgium;High income;Europe & Central Asia;14,83;14,83;;;;
Global Environment Facility (GEF7);Multilateral;Multiple Foci;Brazil;Brazil;Upper middle income;Latin America & Caribbean;1,18;1,18;;;;
Global Environment Facility (GEF7);Multilateral;Multiple Foci;Canada;Canada;High income;North America;35,88;35,88;;;;
Global Environment Facility (GEF7);Multilateral;Multiple Foci;China;China;Upper middle income;East Asia & Pacific;4,33;4,33;;;;
Global Environment Facility (GEF7);Multilateral;Multiple Foci;Cote d'Ivoire;Cote d'Ivoire;Lower middle income;Sub-Saharan Africa;1,12;1,12;;;;
Global Environment Facility (GEF7);Multilateral;Multiple Foci;Czech Republic;Czech Republic;High income;Europe & Central Asia;1,12;1,12;;;;
Global Environment Facility (GEF7);Multilateral;Multiple Foci;Denmark;Denmark;High income;Europe & Central Asia;14,99;14,99;;;;
Global Environment Facility (GEF7);Multilateral;Multiple Foci;Finland;Finland;High income;Europe & Central Asia;7,62;7,62;;;;
Global Environment Facility (GEF7);Multilateral;Multiple Foci;France;France;High income;Europe & Central Asia;59,10;59,10;;;;
Global Environment Facility (GEF7);Multilateral;Multiple Foci;Germany;Germany;High income;Europe & Central Asia;98,98;98,98;;;;
Global Environment Facility (GEF7);Multilateral;Multiple Foci;India;India;Lower middle income;South Asia;2,96;2,96;;;;
Global Environment Facility (GEF7);Multilateral;Multiple Foci;Investment Income;Investment Income;Not applicable;Not applicable;46,30;46,30;;;;
Global Environment Facility (GEF7);Multilateral;Multiple Foci;Ireland;Ireland;High income;Europe & Central Asia;1,42;1,42;;;;
Global Environment Facility (GEF7);Multilateral;Multiple Foci;Italy;Italy;High income;Europe & Central Asia;21,68;21,68;;;;
Global Environment Facility (GEF7);Multilateral;Multiple Foci;Japan;Japan;High income;East Asia & Pacific;125,60;125,60;;;;
Global Environment Facility (GEF7);Multilateral;Multiple Foci;Korea, Rep.;Korea, Rep.;High income;East Asia & Pacific;1,45;1,45;;;;
Global Environment Facility (GEF7);Multilateral;Multiple Foci;Luxembourg;Luxembourg;High income;Europe & Central Asia;1,12;1,12;;;;
Global Environment Facility (GEF7);Multilateral;Multiple Foci;Mexico;Mexico;Upper middle income;Latin America & Caribbean;3,94;3,94;;;;
Global Environment Facility (GEF7);Multilateral;Multiple Foci;Netherlands;Netherlands;High income;Europe & Central Asia;19,70;19,70;;;;
Global Environment Facility (GEF7);Multilateral;Multiple Foci;New Zealand;New Zealand;High income;East Asia & Pacific;1,68;1,68;;;;
Global Environment Facility (GEF7);Multilateral;Multiple Foci;Norway;Norway;High income;Europe & Central Asia;12,79;12,79;;;;
Global Environment Facility (GEF7);Multilateral;Multiple Foci;Pakistan;Pakistan;Lower middle income;South Asia;1,12;1,12;;;;
Global Environment Facility (GEF7);Multilateral;Multiple Foci;Slovenia;Slovenia;High income;Europe & Central Asia;1,12;1,12;;;;
Global Environment Facility (GEF7);Multilateral;Multiple Foci;South Africa;South Africa;Upper middle income;Sub-Saharan Africa;1,42;1,42;;;;
Global Environment Facility (GEF7);Multilateral;Multiple Foci;Spain ;Spain;High income;Europe & Central Asia;2,36;2,36;;;;
Global Environment Facility (GEF7);Multilateral;Multiple Foci;Sweden;Sweden;High income;Europe & Central Asia;49,75;49,75;;;;
Global Environment Facility (GEF7);Multilateral;Multiple Foci;Switzerland;Switzerland;High income;Europe & Central Asia;24,03;24,03;;;;
Global Environment Facility (GEF7);Multilateral;Multiple Foci;United Kingdom;United Kingdom;High income;Europe & Central Asia;66,38;66,38;;;;
Global Environment Facility (GEF7);Multilateral;Multiple Foci;United States;United States;High income;North America;80,72;80,72;;;;
Global Environment Facility (GEF8);Multilateral;Multiple Foci;Australia;Australia;High income;East Asia & Pacific;10,62;10,62;;;;
Global Environment Facility (GEF8);Multilateral;Multiple Foci;Austria;Austria;High income;Europe & Central Asia;12,69;12,69;;;;
Global Environment Facility (GEF8);Multilateral;Multiple Foci;Belgium;Belgium;High income;Europe & Central Asia;17,96;17,96;;;;
Global Environment Facility (GEF8);Multilateral;Multiple Foci;Brazil;Brazil;Upper middle income;Latin America & Caribbean;3,46;3,46;;;;
Global Environment Facility (GEF8);Multilateral;Multiple Foci;Canada;Canada;High income;North America;32,05;32,05;;;;
Global Environment Facility (GEF8);Multilateral;Multiple Foci;China;China;Upper middle income;East Asia & Pacific;9,04;9,04;;;;
Global Environment Facility (GEF8);Multilateral;Multiple Foci;Cote d'Ivoire;Cote d'Ivoire;Lower middle income;Sub-Saharan Africa;0,32;0,32;;;;
Global Environment Facility (GEF8);Multilateral;Multiple Foci;Czech Republic;Czech Republic;High income;Europe & Central Asia;1,10;1,10;;;;
Global Environment Facility (GEF8);Multilateral;Multiple Foci;Denmark;Denmark;High income;Europe & Central Asia;9,38;9,38;;;;
Global Environment Facility (GEF8);Multilateral;Multiple Foci;Egypt;Egypt;Lower middle income;Middle East & North Africa;0,23;0,23;;;;
Global Environment Facility (GEF8);Multilateral;Multiple Foci;Finland;Finland;High income;Europe & Central Asia;9,33;9,33;;;;
Global Environment Facility (GEF8);Multilateral;Multiple Foci;France;France;High income;Europe & Central Asia;80,40;80,40;;;;
Global Environment Facility (GEF8);Multilateral;Multiple Foci;Germany;Germany;High income;Europe & Central Asia;155,46;155,46;;;;
Global Environment Facility (GEF8);Multilateral;Multiple Foci;India;India;Lower middle income;South Asia;3,75;3,75;;;;
Global Environment Facility (GEF8);Multilateral;Multiple Foci;Investment Income;Investment Income;Not applicable;Not applicable;49,76;49,76;;;;
Global Environment Facility (GEF8);Multilateral;Multiple Foci;Ireland;Ireland;High income;Europe & Central Asia;2,12;2,12;;;;
Global Environment Facility (GEF8);Multilateral;Multiple Foci;Italy;Italy;High income;Europe & Central Asia;19,51;19,51;;;;
Global Environment Facility (GEF8);Multilateral;Multiple Foci;Japan;Japan;High income;East Asia & Pacific;102,09;102,09;;;;
Global Environment Facility (GEF8);Multilateral;Multiple Foci;Korea, Rep.;Korea, Rep.;High income;East Asia & Pacific;1,85;1,85;;;;
Global Environment Facility (GEF8);Multilateral;Multiple Foci;Luxembourg;Luxembourg;High income;Europe & Central Asia;1,23;1,23;;;;
Global Environment Facility (GEF8);Multilateral;Multiple Foci;Mexico;Mexico;Upper middle income;Latin America & Caribbean;2,44;2,44;;;;
Global Environment Facility (GEF8);Multilateral;Multiple Foci;Netherlands;Netherlands;High income;Europe & Central Asia;26,77;26,77;;;;
Global Environment Facility (GEF8);Multilateral;Multiple Foci;New Zealand;New Zealand;High income;East Asia & Pacific;2,62;2,62;;;;
Global Environment Facility (GEF8);Multilateral;Multiple Foci;Nigeria;Nigeria;Lower middle income;Sub-Saharan Africa;0,28;0,28;;;;
Global Environment Facility (GEF8);Multilateral;Multiple Foci;Norway;Norway;High income;Europe & Central Asia;14,87;14,87;;;;
Global Environment Facility (GEF8);Multilateral;Multiple Foci;Slovenia;Slovenia;High income;Europe & Central Asia;1,31;1,31;;;;
Global Environment Facility (GEF8);Multilateral;Multiple Foci;South Africa;South Africa;Upper middle income;Sub-Saharan Africa;1,05;1,05;;;;
Global Environment Facility (GEF8);Multilateral;Multiple Foci;Spain;Spain;High income;Europe & Central Asia;5,72;5,72;;;;
Global Environment Facility (GEF8);Multilateral;Multiple Foci;Sweden;Sweden;High income;Europe & Central Asia;75,48;75,48;;;;
Global Environment Facility (GEF8);Multilateral;Multiple Foci;Switzerland;Switzerland;High income;Europe & Central Asia;34,53;34,53;;;;
Global Environment Facility (GEF8);Multilateral;Multiple Foci;United Kingdom;United Kingdom;High income;Europe & Central Asia;100,19;100,19;;;;
Global Environment Facility (GEF8);Multilateral;Multiple Foci;United States;United States;High income;North America;117,98;117,98;;;;
Green Climate Fund IRM (GCF IRM);Multilateral;Multiple Foci;Australia;Australia;High income;East Asia & Pacific;187,33;187,33;;;;
Green Climate Fund IRM (GCF IRM);Multilateral;Multiple Foci;Austria;Austria;High income;Europe & Central Asia;34,78;34,78;;;;
Green Climate Fund IRM (GCF IRM);Multilateral;Multiple Foci;Belgium ;Belgium;High income;Europe & Central Asia;66,89;66,89;;;;
Green Climate Fund IRM (GCF IRM);Multilateral;Multiple Foci;Belgium (Brussels Capital Region);Belgium;High income;Europe & Central Asia;4,82;4,82;;;;
Green Climate Fund IRM (GCF IRM);Multilateral;Multiple Foci;Belgium (Flanders);Belgium;High income;Europe & Central Asia;19,73;19,73;;;;
Green Climate Fund IRM (GCF IRM);Multilateral;Multiple Foci;Belgium (Wallonia);Belgium;High income;Europe & Central Asia;10,87;10,87;;;;
Green Climate Fund IRM (GCF IRM);Multilateral;Multiple Foci;Bulgaria;Bulgaria;Upper middle income;Europe & Central Asia;0,13;0,13;;;;
Green Climate Fund IRM (GCF IRM);Multilateral;Multiple Foci;Canada ;Canada;High income;North America;277,02;277,02;;;;
Green Climate Fund IRM (GCF IRM);Multilateral;Multiple Foci;Chile;Chile;High income;Latin America & Caribbean;0,30;0,30;;;;
Green Climate Fund IRM (GCF IRM);Multilateral;Multiple Foci;Colombia;Colombia;Upper middle income;Latin America & Caribbean;6,00;0,80;;;;
Green Climate Fund IRM (GCF IRM);Multilateral;Multiple Foci;Cyprus;Cyprus;High income;Europe & Central Asia;0,47;0,47;;;;
Green Climate Fund IRM (GCF IRM);Multilateral;Multiple Foci;Czech Republic;Czech Republic;High income;Europe & Central Asia;5,32;5,32;;;;
Green Climate Fund IRM (GCF IRM);Multilateral;Multiple Foci;Denmark;Denmark;High income;Europe & Central Asia;71,78;71,78;;;;
Green Climate Fund IRM (GCF IRM);Multilateral;Multiple Foci;Estonia;Estonia;High income;Europe & Central Asia;1,34;1,34;;;;
Green Climate Fund IRM (GCF IRM);Multilateral;Multiple Foci;Finland;Finland;High income;Europe & Central Asia;107,02;107,02;;;;
Green Climate Fund IRM (GCF IRM);Multilateral;Multiple Foci;France;France;High income;Europe & Central Asia;1035,40;1035,40;;;;
Green Climate Fund IRM (GCF IRM);Multilateral;Multiple Foci;France (Paris);France;High income;Europe & Central Asia;1,34;1,34;;;;
Green Climate Fund IRM (GCF IRM);Multilateral;Multiple Foci;Germany;Germany;High income;Europe & Central Asia;1003,29;1003,29;;;;
Green Climate Fund IRM (GCF IRM);Multilateral;Multiple Foci;Hungary;Hungary;High income;Europe & Central Asia;4,28;4,28;;;;
Green Climate Fund IRM (GCF IRM);Multilateral;Multiple Foci;Iceland;Iceland;High income;Europe & Central Asia;1,00;1,00;;;;
Green Climate Fund IRM (GCF IRM);Multilateral;Multiple Foci;Indonesia;Indonesia;Lower middle income;East Asia & Pacific;0,25;0,25;;;;
Green Climate Fund IRM (GCF IRM);Multilateral;Multiple Foci;Ireland;Ireland;High income;Europe & Central Asia;10,70;10,70;;;;
Green Climate Fund IRM (GCF IRM);Multilateral;Multiple Foci;Italy;Italy;High income;Europe & Central Asia;334,43;334,43;;;;
Green Climate Fund IRM (GCF IRM);Multilateral;Multiple Foci;Japan;Japan;High income;East Asia & Pacific;1500,00;1500,00;;;;
Green Climate Fund IRM (GCF IRM);Multilateral;Multiple Foci;Korea, Rep.;Korea, Rep.;High income;East Asia & Pacific;100,00;100,00;;;;
Green Climate Fund IRM (GCF IRM);Multilateral;Multiple Foci;Latvia;Latvia;High income;Europe & Central Asia;0,47;0,47;;;;
Green Climate Fund IRM (GCF IRM);Multilateral;Multiple Foci;Liechtenstein;Liechtenstein;High income;Europe & Central Asia;0,06;0,06;;;;
Green Climate Fund IRM (GCF IRM);Multilateral;Multiple Foci;Lithuania;Lithuania;High income;Europe & Central Asia;0,13;0,13;;;;
Green Climate Fund IRM (GCF IRM);Multilateral;Multiple Foci;Luxembourg;Luxembourg;High income;Europe & Central Asia;46,82;46,82;;;;
Green Climate Fund IRM (GCF IRM);Multilateral;Multiple Foci;Malta;Malta;High income;Middle East & North Africa;0,59;0,59;;;;
Green Climate Fund IRM (GCF IRM);Multilateral;Multiple Foci;Mexico;Mexico;Upper middle income;Latin America & Caribbean;10,00;10,00;;;;
Green Climate Fund IRM (GCF IRM);Multilateral;Multiple Foci;Monaco;Monaco;High income;Europe & Central Asia;2,34;2,34;;;;
Green Climate Fund IRM (GCF IRM);Multilateral;Multiple Foci;Mongolia;Mongolia;Lower middle income;East Asia & Pacific;0,05;0,05;;;;
Green Climate Fund IRM (GCF IRM);Multilateral;Multiple Foci;Netherlands;Netherlands;High income;Europe & Central Asia;133,77;133,77;;;;
Green Climate Fund IRM (GCF IRM);Multilateral;Multiple Foci;New Zealand;New Zealand;High income;East Asia & Pacific;2,56;2,56;;;;
Green Climate Fund IRM (GCF IRM);Multilateral;Multiple Foci;Norway;Norway;High income;Europe & Central Asia;272,22;272,22;;;;
Green Climate Fund IRM (GCF IRM);Multilateral;Multiple Foci;Panama;Panama;High income;Latin America & Caribbean;1,00;1,00;;;;
Green Climate Fund IRM (GCF IRM);Multilateral;Multiple Foci;Peru;Peru;Upper middle income;Latin America & Caribbean;6,00;;;;;
Green Climate Fund IRM (GCF IRM);Multilateral;Multiple Foci;Poland;Poland;High income;Europe & Central Asia;0,11;0,11;;;;
Green Climate Fund IRM (GCF IRM);Multilateral;Multiple Foci;Portugal;Portugal;High income;Europe & Central Asia;2,68;2,68;;;;
Green Climate Fund IRM (GCF IRM);Multilateral;Multiple Foci;Romania;Romania;Upper middle income;Europe & Central Asia;0,05;0,05;;;;
Green Climate Fund IRM (GCF IRM);Multilateral;Multiple Foci;Russian Federation;Russian Federation;Upper middle income;Europe & Central Asia;3,00;3,00;;;;
Green Climate Fund IRM (GCF IRM);Multilateral;Multiple Foci;Slovak Republic;Slovak Republic;High income;Europe & Central Asia;2,00;2,00;;;;
Green Climate Fund IRM (GCF IRM);Multilateral;Multiple Foci;Spain;Spain;High income;Europe & Central Asia;160,53;160,53;;;;
Green Climate Fund IRM (GCF IRM);Multilateral;Multiple Foci;Sweden;Sweden;High income;Europe & Central Asia;581,19;581,19;;;;
Green Climate Fund IRM (GCF IRM);Multilateral;Multiple Foci;Switzerland;Switzerland;High income;Europe & Central Asia;100,00;100,00;;;;
Green Climate Fund IRM (GCF IRM);Multilateral;Multiple Foci;United Kingdom;United Kingdom;High income;Europe & Central Asia;1210,98;1210,98;;;;
Green Climate Fund IRM (GCF IRM);Multilateral;Multiple Foci;United States;United States;High income;North America;3000,00;1000,00;;;;
Green Climate Fund IRM (GCF IRM);Multilateral;Multiple Foci;Vietnam;Vietnam;Lower middle income;East Asia & Pacific;1,00;1,00;;;;
Green Climate Fund (GCF-1);Multilateral;Multiple Foci;Austria;Austria;High income;Europe & Central Asia;152,52;146,41;;;;
Green Climate Fund (GCF-1);Multilateral;Multiple Foci;Belgium;Belgium;High income;Europe & Central Asia;116,89;112,62;;;;
Green Climate Fund (GCF-1);Multilateral;Multiple Foci;Belgium (Brussels Capital Region);Belgium;High income;Europe & Central Asia;1,19;1,13;;;;
Green Climate Fund (GCF-1);Multilateral;Multiple Foci;Belgium (Wallonia);Belgium;High income;Europe & Central Asia;1,87;1,80;;;;
Green Climate Fund (GCF-1);Multilateral;Multiple Foci;Bulgaria;Bulgaria;Upper middle income;Europe & Central Asia;0,08;0,08;;;;
Green Climate Fund (GCF-1);Multilateral;Multiple Foci;Canada;Canada;High income;North America;230,13;225,53;;;;
Green Climate Fund (GCF-1);Multilateral;Multiple Foci;Denmark;Denmark;High income;Europe & Central Asia;126,00;120,69;;;;
Green Climate Fund (GCF-1);Multilateral;Multiple Foci;Finland;Finland;High income;Europe & Central Asia;114,89;112,62;;;;
Green Climate Fund (GCF-1);Multilateral;Multiple Foci;France;France;High income;Europe & Central Asia;1794,75;1743,38;;;;
Green Climate Fund (GCF-1);Multilateral;Multiple Foci;Germany;Germany;High income;Europe & Central Asia;1689,75;1689,32;;;;
Green Climate Fund (GCF-1);Multilateral;Multiple Foci;Hungary;Hungary;High income;Europe & Central Asia;0,74;0,70;;;;
Green Climate Fund (GCF-1);Multilateral;Multiple Foci;Iceland;Iceland;High income;Europe & Central Asia;2,87;2,80;;;;
Green Climate Fund (GCF-1);Multilateral;Multiple Foci;Indonesia;Indonesia;Lower middle income;East Asia & Pacific;0,52;0,50;;;;
Green Climate Fund (GCF-1);Multilateral;Multiple Foci;Ireland;Ireland;High income;Europe & Central Asia;18,67;18,02;;;;
Green Climate Fund (GCF-1);Multilateral;Multiple Foci;Italy;Italy;High income;Europe & Central Asia;337,86;166,68;;;;
Green Climate Fund (GCF-1);Multilateral;Multiple Foci;Japan;Japan;High income;East Asia & Pacific;1521,25;1500,00;;;;
Green Climate Fund (GCF-1);Multilateral;Multiple Foci;Liechtenstein;Liechtenstein;High income;Europe & Central Asia;0,30;0,30;;;;
Green Climate Fund (GCF-1);Multilateral;Multiple Foci;Luxembourg;Luxembourg;High income;Europe & Central Asia;46,34;39,42;;;;
Green Climate Fund (GCF-1);Multilateral;Multiple Foci;Malta;Malta;High income;Middle East & North Africa;0,93;0,90;;;;
Green Climate Fund (GCF-1);Multilateral;Multiple Foci;Monaco;Monaco;High income;Europe & Central Asia;4,40;4,22;;;;
Green Climate Fund (GCF-1);Multilateral;Multiple Foci;Netherlands;Netherlands;High income;Europe & Central Asia;140,60;135,15;;;;
Green Climate Fund (GCF-1);Multilateral;Multiple Foci;New Zealand;New Zealand;High income;East Asia & Pacific;10,65;10,05;;;;
Green Climate Fund (GCF-1);Multilateral;Multiple Foci;Norway;Norway;High income;Europe & Central Asia;434,15;417,48;;;;
Green Climate Fund (GCF-1);Multilateral;Multiple Foci;Poland;Poland;High income;Europe & Central Asia;3,18;3,00;;;;
Green Climate Fund (GCF-1);Multilateral;Multiple Foci;Portugal;Portugal;High income;Europe & Central Asia;1,19;1,13;;;;
Green Climate Fund (GCF-1);Multilateral;Multiple Foci;Korea, Rep.;Korea, Rep.;High income;East Asia & Pacific;200,49;200,00;;;;
Green Climate Fund (GCF-1);Multilateral;Multiple Foci;Romania;Romania;Upper middle income;Europe & Central Asia;0,06;0,06;;;;
Green Climate Fund (GCF-1);Multilateral;Multiple Foci;Russian Federation;Russian Federation;Upper middle income;Europe & Central Asia;10,46;10,00;;;;
Green Climate Fund (GCF-1);Multilateral;Multiple Foci;Slovak Republic;Slovak Republic;High income;Europe & Central Asia;2,32;2,25;;;;
Green Climate Fund (GCF-1);Multilateral;Multiple Foci;Slovenia;Slovenia;High income;Europe & Central Asia;1,19;1,13;;;;
Green Climate Fund (GCF-1);Multilateral;Multiple Foci;Spain;Spain;High income;Europe & Central Asia;176,49;168,93;;;;
Green Climate Fund (GCF-1);Multilateral;Multiple Foci;Sweden;Sweden;High income;Europe & Central Asia;852,55;852,55;;;;
Green Climate Fund (GCF-1);Multilateral;Multiple Foci;Switzerland;Switzerland;High income;Europe & Central Asia;155,45;150,00;;;;
Green Climate Fund (GCF-1);Multilateral;Multiple Foci;United Kingdom;United Kingdom;High income;Europe & Central Asia;1851,88;1851,88;;;;
Green Climate Fund (GCF-2);Multilateral;Multiple Foci;Australia;Australia;High income;East Asia & Pacific;33,97;0,00;;;;
Green Climate Fund (GCF-2);Multilateral;Multiple Foci;Austria;Austria;High income;Europe & Central Asia;180,10;43,22;;;;
Green Climate Fund (GCF-2);Multilateral;Multiple Foci;Belgium;Belgium;High income;Europe & Central Asia;167,92;40,52;;;;
Green Climate Fund (GCF-2);Multilateral;Multiple Foci;Belgium (Wallonia);Belgium;High income;Europe & Central Asia;0,46;0,43;;;;
Green Climate Fund (GCF-2);Multilateral;Multiple Foci;Bulgaria;Bulgaria;Upper middle income;Europe & Central Asia;0,11;0,11;;;;
Green Climate Fund (GCF-2);Multilateral;Multiple Foci;Canada ;Canada;High income;North America;339,96;183,50;;;;
Green Climate Fund (GCF-2);Multilateral;Multiple Foci;Czech republic;Czech republic;High income;Europe & Central Asia;4,14;1,00;;;;
Green Climate Fund (GCF-2);Multilateral;Multiple Foci;Denmark;Denmark;High income;Europe & Central Asia;239,21;21,77;;;;
Green Climate Fund (GCF-2);Multilateral;Multiple Foci;Estonia;Estonia;High income;Europe & Central Asia;1,14;1,08;;;;
Green Climate Fund (GCF-2);Multilateral;Multiple Foci;Finland;Finland;High income;Europe & Central Asia;66,21;4,32;;;;
Green Climate Fund (GCF-2);Multilateral;Multiple Foci;France;France;High income;Europe & Central Asia;1781,76;603,85;;;;
Green Climate Fund (GCF-2);Multilateral;Multiple Foci;Germany;Germany;High income;Europe & Central Asia;2160,95;540,24;;;;
Green Climate Fund (GCF-2);Multilateral;Multiple Foci;Hungary;Hungary;High income;Europe & Central Asia;0,30;0,00;;;;
Green Climate Fund (GCF-2);Multilateral;Multiple Foci;Iceland;Iceland;High income;Europe & Central Asia;3,69;0,40;;;;
Green Climate Fund (GCF-2);Multilateral;Multiple Foci;Ireland ;Ireland;High income;Europe & Central Asia;44,77;21,61;;;;
Green Climate Fund (GCF-2);Multilateral;Multiple Foci;Israel;Israel;High income;Middle East & North Africa;0,10;0,10;;;;
Green Climate Fund (GCF-2);Multilateral;Multiple Foci;Italy;Italy;High income;Europe & Central Asia;324,14;0,00;;;;
Green Climate Fund (GCF-2);Multilateral;Multiple Foci;Japan;Japan;High income;East Asia & Pacific;1235,20;306,04;;;;
Green Climate Fund (GCF-2);Multilateral;Multiple Foci;Korea, Rep.;Korea, Rep.;High income;East Asia & Pacific;301,75;28,00;;;;
Green Climate Fund (GCF-2);Multilateral;Multiple Foci;Liechtenstein;Liechtenstein;High income;Europe & Central Asia;0,45;0,00;;;;
Green Climate Fund (GCF-2);Multilateral;Multiple Foci;Luxembourg;Luxembourg;High income;Europe & Central Asia;55,97;8,10;;;;
Green Climate Fund (GCF-2);Multilateral;Multiple Foci;Malta;Malta;High income;Middle East & North Africa;0,46;0,43;;;;
Green Climate Fund (GCF-2);Multilateral;Multiple Foci;Monaco;Monaco;High income;Europe & Central Asia;3,69;0,89;;;;
Green Climate Fund (GCF-2);Multilateral;Multiple Foci;Mongolia;Mongolia;Lower middle income;East Asia & Pacific;0,11;0,00;;;;
Green Climate Fund (GCF-2);Multilateral;Multiple Foci;Netherlands;Netherlands;High income;Europe & Central Asia;157,23;54,02;;;;
Green Climate Fund (GCF-2);Multilateral;Multiple Foci;New Zealand ;New Zealand;High income;East Asia & Pacific;15,86;14,97;;;;
Green Climate Fund (GCF-2);Multilateral;Multiple Foci;Norway;Norway;High income;Europe & Central Asia;316,59;76,39;;;;
Green Climate Fund (GCF-2);Multilateral;Multiple Foci;Portugal;Portugal;High income;Europe & Central Asia;4,48;1,08;;;;
Green Climate Fund (GCF-2);Multilateral;Multiple Foci;Slovak Republic;Slovak Republic;High income;Europe & Central Asia;2,46;0,59;;;;
Green Climate Fund (GCF-2);Multilateral;Multiple Foci;Slovenia;Slovenia;High income;Europe & Central Asia;1,70;0,00;;;;
Green Climate Fund (GCF-2);Multilateral;Multiple Foci;Spain;Spain;High income;Europe & Central Asia;252,81;151,27;;;;
Green Climate Fund (GCF-2);Multilateral;Multiple Foci;Sweden;Sweden;High income;Europe & Central Asia;763,10;0,00;;;;
Green Climate Fund (GCF-2);Multilateral;Multiple Foci;Switzerland;Switzerland;High income;Europe & Central Asia;155,49;39,00;;;;
Green Climate Fund (GCF-2);Multilateral;Multiple Foci;United Kingdom;United Kingdom;High income;Europe & Central Asia;2000,00;0,00;;;;
Green Climate Fund (GCF-2);Multilateral;Multiple Foci;United States;United States;High income;North America;3000,00;0,00;;;;
Indonesia Climate Change Trust Fund (ICCTF);Multi Donor National;Multiple Foci;Australia;Australia;High income;East Asia & Pacific;0,31;0,31;;;;
Indonesia Climate Change Trust Fund (ICCTF);Multi Donor National;Multiple Foci;Denmark;Denmark;High income;Europe & Central Asia;0,05;0,05;;;;
Indonesia Climate Change Trust Fund (ICCTF);Multi Donor National;Multiple Foci;Denmark;Denmark;High income;Europe & Central Asia;0,17;0,17;;;;
Indonesia Climate Change Trust Fund (ICCTF);Multi Donor National;Multiple Foci;APBN;Indonesia;Lower middle income;East Asia & Pacific;1,07;1,07;;;;
Indonesia Climate Change Trust Fund (ICCTF);Multi Donor National;Multiple Foci;APBN;Indonesia;Lower middle income;East Asia & Pacific;1,07;1,07;;;;
Indonesia Climate Change Trust Fund (ICCTF);Multi Donor National;Multiple Foci;APBN;Indonesia;Lower middle income;East Asia & Pacific;1,40;;;;;
Indonesia Climate Change Trust Fund (ICCTF);Multi Donor National;Multiple Foci;APBN;Indonesia;Lower middle income;East Asia & Pacific;1,61;;;;;
Indonesia Climate Change Trust Fund (ICCTF);Multi Donor National;Multiple Foci;Sweden;Sweden;High income;Europe & Central Asia;1,40;1,40;;;;
Indonesia Climate Change Trust Fund (ICCTF);Multi Donor National;Multiple Foci;United Kingdom;United Kingdom;High income;Europe & Central Asia;1,83;1,83;;;;
Indonesia Climate Change Trust Fund (ICCTF);Multi Donor National;Multiple Foci;United Kingdom;United Kingdom;High income;Europe & Central Asia;2,45;;;;;
Indonesia Climate Change Trust Fund (ICCTF);Multi Donor National;Multiple Foci;United Kingdom;United Kingdom;High income;Europe & Central Asia;0,31;;;;;
Indonesia Climate Change Trust Fund (ICCTF);Multi Donor National;Multiple Foci;United Kingdom;United Kingdom;High income;Europe & Central Asia;9,50;9,50;;;;
Indonesia Climate Change Trust Fund (ICCTF);Multi Donor National;Multiple Foci;United States;United States;High income;North America;1,30;1,30;;;;
Indonesia Climate Change Trust Fund (ICCTF);Multi Donor National;Multiple Foci;United States;United States;High income;North America;2,50;;;;;
Indonesia Climate Change Trust Fund (ICCTF);Multi Donor National;Multiple Foci;United States;United States;High income;North America;1,20;;;;;
Least Developed Countries Fund (LDCF);Multilateral;Adaptation;Australia ;Australia;High income;East Asia & Pacific;42,97;42,97;;;;
Least Developed Countries Fund (LDCF);Multilateral;Adaptation;Austria ;Austria;High income;Europe & Central Asia;2,67;2,67;;;;
Least Developed Countries Fund (LDCF);Multilateral;Adaptation;Belgium;Belgium;High income;Europe & Central Asia;277,74;221,12;;;;
Least Developed Countries Fund (LDCF);Multilateral;Adaptation;Canada ;Canada;High income;North America;90,14;90,14;;;;
Least Developed Countries Fund (LDCF);Multilateral;Adaptation;Czech republic;Czech republic;High income;Europe & Central Asia;0,03;0,03;;;;
Least Developed Countries Fund (LDCF);Multilateral;Adaptation;Denmark ;Denmark;High income;Europe & Central Asia;173,53;173,53;;;;
Least Developed Countries Fund (LDCF);Multilateral;Adaptation;Estonia;Estonia;High income;Europe & Central Asia;1,14;1,14;;;;
Least Developed Countries Fund (LDCF);Multilateral;Adaptation;Finland ;Finland;High income;Europe & Central Asia;55,75;55,75;;;;
Least Developed Countries Fund (LDCF);Multilateral;Adaptation;France ;France;High income;Europe & Central Asia;123,46;85,39;;;;
Least Developed Countries Fund (LDCF);Multilateral;Adaptation;Germany ;Germany;High income;Europe & Central Asia;540,07;534,68;;;;
Least Developed Countries Fund (LDCF);Multilateral;Adaptation;Hungary;Hungary;High income;Europe & Central Asia;1,34;1,34;;;;
Least Developed Countries Fund (LDCF);Multilateral;Adaptation;Iceland;Iceland;High income;Europe & Central Asia;1,18;1,18;;;;
Least Developed Countries Fund (LDCF);Multilateral;Adaptation;Investment Income;Investment Income;Not applicable;Not applicable;145,77;145,77;;;;
Least Developed Countries Fund (LDCF);Multilateral;Adaptation;Ireland ;Ireland;High income;Europe & Central Asia;32,58;32,58;;;;
Least Developed Countries Fund (LDCF);Multilateral;Adaptation;Italy ;Italy;High income;Europe & Central Asia;3,00;3,00;;;;
Least Developed Countries Fund (LDCF);Multilateral;Adaptation;Japan ;Japan;High income;East Asia & Pacific;1,08;1,08;;;;
Least Developed Countries Fund (LDCF);Multilateral;Adaptation;Luxembourg ;Luxembourg;High income;Europe & Central Asia;5,70;5,70;;;;
Least Developed Countries Fund (LDCF);Multilateral;Adaptation;Netherlands ;Netherlands;High income;Europe & Central Asia;173,37;156,12;;;;
Least Developed Countries Fund (LDCF);Multilateral;Adaptation;New Zealand ;New Zealand;High income;East Asia & Pacific;5,81;5,81;;;;
Least Developed Countries Fund (LDCF);Multilateral;Adaptation;Norway ;Norway;High income;Europe & Central Asia;41,94;41,94;;;;
Least Developed Countries Fund (LDCF);Multilateral;Adaptation;Portugal ;Portugal;High income;Europe & Central Asia;0,06;0,06;;;;
Least Developed Countries Fund (LDCF);Multilateral;Adaptation;Qatar;Qatar;High income;Middle East & North Africa;0,50;0,50;;;;
Least Developed Countries Fund (LDCF);Multilateral;Adaptation;Romania;Romania;Upper middle income;Europe & Central Asia;0,21;0,21;;;;
Least Developed Countries Fund (LDCF);Multilateral;Adaptation;Slovenia;Slovenia;High income;Europe & Central Asia;0,20;0,20;;;;
Least Developed Countries Fund (LDCF);Multilateral;Adaptation;Spain ;Spain;High income;Europe & Central Asia;12,66;12,66;;;;
Least Developed Countries Fund (LDCF);Multilateral;Adaptation;Sweden ;Sweden;High income;Europe & Central Asia;209,01;209,01;;;;
Least Developed Countries Fund (LDCF);Multilateral;Adaptation;Switzerland ;Switzerland;High income;Europe & Central Asia;46,11;33,77;;;;
Least Developed Countries Fund (LDCF);Multilateral;Adaptation;United Kingdom ;United Kingdom;High income;Europe & Central Asia;186,84;186,84;;;;
Least Developed Countries Fund (LDCF);Multilateral;Adaptation;United States;United States;High income;North America;183,20;173,20;;;;
MDG Achievement Fund;Multilateral;Adaptation;Spain;Spain;High income;Europe & Central Asia;89,50;89,50;;;;
Partnership for Market Readiness;Multilateral;Mitigation - General;Australia;Australia;High income;East Asia & Pacific;12,50;12,50;;;;
Partnership for Market Readiness;Multilateral;Mitigation - General;Denmark;Denmark;High income;Europe & Central Asia;5,10;5,10;;;;
Partnership for Market Readiness;Multilateral;Mitigation - General;European Commission;Europe;Not applicable;Europe & Central Asia;18,70;17,00;;;;
Partnership for Market Readiness;Multilateral;Mitigation - General;Finland;Finland;High income;Europe & Central Asia;5,40;5,40;;;;
Partnership for Market Readiness;Multilateral;Mitigation - General;Germany;Germany;High income;Europe & Central Asia;13,20;13,20;;;;
Partnership for Market Readiness;Multilateral;Mitigation - General;Investment Income;Investment Income;Not applicable;Not applicable;6,00;6,00;;;;
Partnership for Market Readiness;Multilateral;Mitigation - General;Japan;Japan;High income;East Asia & Pacific;13,60;13,60;;;;
Partnership for Market Readiness;Multilateral;Mitigation - General;Netherlands;Netherlands;High income;Europe & Central Asia;7,10;7,10;;;;
Partnership for Market Readiness;Multilateral;Mitigation - General;Norway;Norway;High income;Europe & Central Asia;5,80;5,80;;;;
Partnership for Market Readiness;Multilateral;Mitigation - General;Spain;Spain;High income;Europe & Central Asia;5,40;5,40;;;;
Partnership for Market Readiness;Multilateral;Mitigation - General;Sweden;Sweden;High income;Europe & Central Asia;7,60;7,60;;;;
Partnership for Market Readiness;Multilateral;Mitigation - General;Switzerland;Switzerland;High income;Europe & Central Asia;12,50;12,50;;;;
Partnership for Market Readiness;Multilateral;Mitigation - General;United Kingdom;United Kingdom;High income;Europe & Central Asia;11,10;11,10;;;;
Partnership for Market Readiness;Multilateral;Mitigation - General;United States;United States;High income;North America;7,50;7,50;;;;
Pilot Program for Climate Resilience (PPCR);Multilateral;Adaptation;Australia;Australia;High income;East Asia & Pacific;33,36;33,36;;;;
Pilot Program for Climate Resilience (PPCR);Multilateral;Adaptation;Canada;Canada;High income;North America;83,88;83,88;;;;
Pilot Program for Climate Resilience (PPCR);Multilateral;Adaptation;Denmark;Denmark;High income;Europe & Central Asia;28,33;28,33;;;;
Pilot Program for Climate Resilience (PPCR);Multilateral;Adaptation;Germany;Germany;High income;Europe & Central Asia;65,67;65,67;;;;
Pilot Program for Climate Resilience (PPCR);Multilateral;Adaptation;Japan;Japan;High income;East Asia & Pacific;102,73;102,73;;;;
Pilot Program for Climate Resilience (PPCR);Multilateral;Adaptation;Netherlands;Netherlands;High income;Europe & Central Asia;4,10;4,10;;;;
Pilot Program for Climate Resilience (PPCR);Multilateral;Adaptation;Norway;Norway;High income;Europe & Central Asia;15,72;15,72;;;;
Pilot Program for Climate Resilience (PPCR);Multilateral;Adaptation;Spain;Spain;High income;Europe & Central Asia;12,96;12,96;;;;
Pilot Program for Climate Resilience (PPCR);Multilateral;Adaptation;Switzerland;Switzerland;High income;Europe & Central Asia;1,40;1,40;;;;
Pilot Program for Climate Resilience (PPCR);Multilateral;Adaptation;United Kingdom;United Kingdom;High income;Europe & Central Asia;518,10;518,10;;;;
Pilot Program for Climate Resilience (PPCR);Multilateral;Adaptation;United States;United States;High income;North America;290,04;290,04;;;;
Scaling Up Renewable Energy Program (SREP);Multilateral;Mitigation - General;Australia;Australia;High income;East Asia & Pacific;11,65;11,65;;;;
Scaling Up Renewable Energy Program (SREP);Multilateral;Mitigation - General;Denmark;Denmark;High income;Europe & Central Asia;16,78;16,78;;;;
Scaling Up Renewable Energy Program (SREP);Multilateral;Mitigation - General;Japan;Japan;High income;East Asia & Pacific;33,55;33,55;;;;
Scaling Up Renewable Energy Program (SREP);Multilateral;Mitigation - General;Korea, Rep.;Korea, Rep.;High income;East Asia & Pacific;5,76;5,76;;;;
Scaling Up Renewable Energy Program (SREP);Multilateral;Mitigation - General;Netherlands;Netherlands;High income;Europe & Central Asia;80,00;80,00;;;;
Scaling Up Renewable Energy Program (SREP);Multilateral;Mitigation - General;Norway;Norway;High income;Europe & Central Asia;124,20;124,20;;;;
Scaling Up Renewable Energy Program (SREP);Multilateral;Mitigation - General;Spain;Spain;High income;Europe & Central Asia;3,89;3,89;;;;
Scaling Up Renewable Energy Program (SREP);Multilateral;Mitigation - General;Sweden;Sweden;High income;Europe & Central Asia;46,71;46,71;;;;
Scaling Up Renewable Energy Program (SREP);Multilateral;Mitigation - General;Switzerland;Switzerland;High income;Europe & Central Asia;44,00;44,00;;;;
Scaling Up Renewable Energy Program (SREP);Multilateral;Mitigation - General;United Kingdom;United Kingdom;High income;Europe & Central Asia;358,40;358,40;;;;
Scaling Up Renewable Energy Program (SREP);Multilateral;Mitigation - General;United States;United States;High income;North America;50,00;50,00;;;;
Special Climate Change Fund (SCCF);Multilateral;Adaptation;Belgium;Belgium;High income;Europe & Central Asia;41,21;41,21;;;;
Special Climate Change Fund (SCCF);Multilateral;Adaptation;Canada;Canada;High income;North America;42,97;21,43;;;;
Special Climate Change Fund (SCCF);Multilateral;Adaptation;Denmark ;Denmark;High income;Europe & Central Asia;19,88;17,63;;;;
Special Climate Change Fund (SCCF);Multilateral;Adaptation;Finland ;Finland;High income;Europe & Central Asia;18,32;18,32;;;;
Special Climate Change Fund (SCCF);Multilateral;Adaptation;Germany ;Germany;High income;Europe & Central Asia;131,32;131,41;;;;
Special Climate Change Fund (SCCF);Multilateral;Adaptation;Investment Income;Investment Income;Not applicable;Not applicable;28,00;28,00;;;;
Special Climate Change Fund (SCCF);Multilateral;Adaptation;Ireland ;Ireland;High income;Europe & Central Asia;6,68;6,68;;;;
Special Climate Change Fund (SCCF);Multilateral;Adaptation;Italy ;Italy;High income;Europe & Central Asia;10,00;5,00;;;;
Special Climate Change Fund (SCCF);Multilateral;Adaptation;Netherlands ;Netherlands;High income;Europe & Central Asia;3,13;3,13;;;;
Special Climate Change Fund (SCCF);Multilateral;Adaptation;Norway ;Norway;High income;Europe & Central Asia;34,59;34,59;;;;
Special Climate Change Fund (SCCF);Multilateral;Adaptation;Portugal  ;Portugal;High income;Europe & Central Asia;1,30;1,30;;;;
Special Climate Change Fund (SCCF);Multilateral;Adaptation;Slovenia;Slovenia;High income;Europe & Central Asia;0,08;0,08;;;;
Special Climate Change Fund (SCCF);Multilateral;Adaptation;Spain ;Spain;High income;Europe & Central Asia;14,55;14,53;;;;
Special Climate Change Fund (SCCF);Multilateral;Adaptation;Sweden ;Sweden;High income;Europe & Central Asia;6,12;6,12;;;;
Special Climate Change Fund (SCCF);Multilateral;Adaptation;Switzerland ;Switzerland;High income;Europe & Central Asia;27,90;18,94;;;;
Special Climate Change Fund (SCCF);Multilateral;Adaptation;United Kingdom;United Kingdom;High income;Europe & Central Asia;23,56;23,54;;;;
Special Climate Change Fund (SCCF);Multilateral;Adaptation;United States;United States;High income;North America;50,00;50,00;;;;
UN-REDD Programme;Multilateral;Mitigation - REDD;Denmark ;Denmark;High income;Europe & Central Asia;9,90;9,90;;;;
UN-REDD Programme;Multilateral;Mitigation - REDD;European Union;Europe;Not applicable;Europe & Central Asia;26,59;26,59;;;;
UN-REDD Programme;Multilateral;Mitigation - REDD;Japan;Japan;High income;East Asia & Pacific;3,05;3,05;;;;
UN-REDD Programme;Multilateral;Mitigation - REDD;Luxembourg;Luxembourg;High income;Europe & Central Asia;2,67;2,67;;;;
UN-REDD Programme;Multilateral;Mitigation - REDD;Norway ;Norway;High income;Europe & Central Asia;332,78;322,56;;;;
UN-REDD Programme;Multilateral;Mitigation - REDD;Spain;Spain;High income;Europe & Central Asia;5,49;5,49;;;;
UN-REDD Programme;Multilateral;Mitigation - REDD;United Kingdom;United Kingdom;High income;Europe & Central Asia;47,92;24,50;;;;
UN-REDD Programme;Multilateral;Mitigation - REDD;Korea, Rep.;Korea, Rep.;High income;East Asia & Pacific;1,93;0,74;;;;
UN-REDD Programme;Multilateral;Mitigation - REDD;Switzerland;Switzerland;High income;Europe & Central Asia;5,89;4,82;;;;
;;;;;;;;;;;;
;;;;;;;;;;;;
;;;;;;;;;;;;
;;;;;;;;;;;;
;;;;;;;;;;;;
;;;;;;;;;;;;
;;;;;;;;;;;;
;;;;;;;;;;;;
;;;;;;;;;;;;
;;;;;;;;;;;;
;;;;;;;;;;;;
;;;;;;;;;;;;
;;;;;;;;;;;;
;;;;;;;;;;;;
;;;;;;;;;;;;
;;;;;;;;;;;;
;;;;;;;;;;;;
;;;;;;;;;;;;
;;;;;;;;;;;;
;;;;;;;;;;;;
;;;;;;;;;;;;
;;;;;;;;;;;;
;;;;;;;;;;;;
;;;;;;;;;;;;
;;;;;;;;;;;;
;;;;;;;;;;;;
;;;;;;;;;;;;
;;;;;;;;;;;;
;;;;;;;;;;;;
;;;;;;;;;;;;
;;;;;;;;;;;;
;;;;;;;;;;;;
;;;;;;;;;;;;
;;;;;;;;;;;;
;;;;;;;;;;;;
;;;;;;;;;;;;
;;;;;;;;;;;;
;;;;;;;;;;;;
;;;;;;;;;;;;
;;;;;;;;;;;;
;;;;;;;;;;;;
;;;;;;;;;;;;
;;;;;;;;;;;;
;;;;;;;;;;;;
;;;;;;;;;;;;
;;;;;;;;;;;;
;;;;;;;;;;;;
;;;;;;;;;;;;
;;;;;;;;;;;;
;;;;;;;;;;;;
;;;;;;;;;;;;
;;;;;;;;;;;;
;;;;;;;;;;;;
;;;;;;;;;;;;
;;;;;;;;;;;;
;;;;;;;;;;;;
;;;;;;;;;;;;
;;;;;;;;;;;;
;;;;;;;;;;;;
;;;;;;;;;;;;
;;;;;;;;;;;;
;;;;;;;;;;;;
;;;;;;;;;;;;
;;;;;;;;;;;;
;;;;;;;;;;;;
;;;;;;;;;;;;
;;;;;;;;;;;;
;;;;;;;;;;;;
;;;;;;;;;;;;
;;;;;;;;;;;;
;;;;;;;;;;;;
;;;;;;;;;;;;
;;;;;;;;;;;;
;;;;;;;;;;;;
;;;;;;;;;;;;
;;;;;;;;;;;;
;;;;;;;;;;;;
;;;;;;;;;;;;
;;;;;;;;;;;;
;;;;;;;;;;;;
;;;;;;;;;;;;
;;;;;;;;;;;;
;;;;;;;;;;;;
;;;;;;;;;;;;
;;;;;;;;;;;;
;;;;;;;;;;;;
;;;;;;;;;;;;
;;;;;;;;;;;;
;;;;;;;;;;;;
;;;;;;;;;;;;
;;;;;;;;;;;;
;;;;;;;;;;;;
;;;;;;;;;;;;
;;;;;;;;;;;;
;;;;;;;;;;;;
;;;;;;;;;;;;
;;;;;;;;;;;;
;;;;;;;;;;;;
;;;;;;;;;;;;
;;;;;;;;;;;;
;;;;;;;;;;;;
;;;;;;;;;;;;
;;;;;;;;;;;;
;;;;;;;;;;;;
;;;;;;;;;;;;
;;;;;;;;;;;;
;;;;;;;;;;;;
;;;;;;;;;;;;
;;;;;;;;;;;;
;;;;;;;;;;;;
;;;;;;;;;;;;
;;;;;;;;;;;;
;;;;;;;;;;;;
;;;;;;;;;;;;
;;;;;;;;;;;;
;;;;;;;;;;;;
;;;;;;;;;;;;
;;;;;;;;;;;;
;;;;;;;;;;;;
;;;;;;;;;;;;
;;;;;;;;;;;;
;;;;;;;;;;;;
;;;;;;;;;;;;
;;;;;;;;;;;;
;;;;;;;;;;;;
;;;;;;;;;;;;
;;;;;;;;;;;;
;;;;;;;;;;;;
;;;;;;;;;;;;
;;;;;;;;;;;;
;;;;;;;;;;;;
;;;;;;;;;;;;
;;;;;;;;;;;;
;;;;;;;;;;;;
;;;;;;;;;;;;
;;;;;;;;;;;;
;;;;;;;;;;;;
;;;;;;;;;;;;
;;;;;;;;;;;;
;;;;;;;;;;;;
;;;;;;;;;;;;
;;;;;;;;;;;;
;;;;;;;;;;;;
;;;;;;;;;;;;
;;;;;;;;;;;;
;;;;;;;;;;;;
;;;;;;;;;;;;
;;;;;;;;;;;;
;;;;;;;;;;;;
;;;;;;;;;;;;
;;;;;;;;;;;;
;;;;;;;;;;;;
;;;;;;;;;;;;
;;;;;;;;;;;;
;;;;;;;;;;;;
;;;;;;;;;;;;
;;;;;;;;;;;;
;;;;;;;;;;;;
;;;;;;;;;;;;
;;;;;;;;;;;;
;;;;;;;;;;;;
;;;;;;;;;;;;
;;;;;;;;;;;;
;;;;;;;;;;;;
;;;;;;;;;;;;
;;;;;;;;;;;;
;;;;;;;;;;;;
;;;;;;;;;;;;
;;;;;;;;;;;;
;;;;;;;;;;;;
;;;;;;;;;;;;
;;;;;;;;;;;;
;;;;;;;;;;;;
;;;;;;;;;;;;
;;;;;;;;;;;;
;;;;;;;;;;;;
;;;;;;;;;;;;
;;;;;;;;;;;;
;;;;;;;;;;;;
;;;;;;;;;;;;
;;;;;;;;;;;;
;;;;;;;;;;;;
;;;;;;;;;;;;
;;;;;;;;;;;;
;;;;;;;;;;;;
;;;;;;;;;;;;
;;;;;;;;;;;;
;;;;;;;;;;;;
;;;;;;;;;;;;
;;;;;;;;;;;;
;;;;;;;;;;;;
;;;;;;;;;;;;
;;;;;;;;;;;;
;;;;;;;;;;;;
;;;;;;;;;;;;
;;;;;;;;;;;;
;;;;;;;;;;;;
;;;;;;;;;;;;
;;;;;;;;;;;;
;;;;;;;;;;;;
;;;;;;;;;;;;
;;;;;;;;;;;;
;;;;;;;;;;;;
;;;;;;;;;;;;
;;;;;;;;;;;;
;;;;;;;;;;;;
;;;;;;;;;;;;
;;;;;;;;;;;;
;;;;;;;;;;;;
;;;;;;;;;;;;
;;;;;;;;;;;;
;;;;;;;;;;;;
;;;;;;;;;;;;
;;;;;;;;;;;;
;;;;;;;;;;;;
;;;;;;;;;;;;
;;;;;;;;;;;;
;;;;;;;;;;;;
;;;;;;;;;;;;
;;;;;;;;;;;;
;;;;;;;;;;;;
;;;;;;;;;;;;
;;;;;;;;;;;;
;;;;;;;;;;;;
;;;;;;;;;;;;
;;;;;;;;;;;;
;;;;;;;;;;;;
;;;;;;;;;;;;
;;;;;;;;;;;;
;;;;;;;;;;;;
;;;;;;;;;;;;
;;;;;;;;;;;;
;;;;;;;;;;;;
;;;;;;;;;;;;
;;;;;;;;;;;;
;;;;;;;;;;;;
;;;;;;;;;;;;
;;;;;;;;;;;;
;;;;;;;;;;;;
;;;;;;;;;;;;
;;;;;;;;;;;;
;;;;;;;;;;;;
;;;;;;;;;;;;
;;;;;;;;;;;;
;;;;;;;;;;;;
;;;;;;;;;;;;
;;;;;;;;;;;;
;;;;;;;;;;;;
;;;;;;;;;;;;
;;;;;;;;;;;;
;;;;;;;;;;;;
;;;;;;;;;;;;
;;;;;;;;;;;;
;;;;;;;;;;;;
;;;;;;;;;;;;
;;;;;;;;;;;;
;;;;;;;;;;;;
;;;;;;;;;;;;
;;;;;;;;;;;;
;;;;;;;;;;;;
;;;;;;;;;;;;
;;;;;;;;;;;;
;;;;;;;;;;;;
;;;;;;;;;;;;
;;;;;;;;;;;;
;;;;;;;;;;;;
;;;;;;;;;;;;
;;;;;;;;;;;;
;;;;;;;;;;;;
;;;;;;;;;;;;
;;;;;;;;;;;;
;;;;;;;;;;;;
;;;;;;;;;;;;
;;;;;;;;;;;;
;;;;;;;;;;;;
;;;;;;;;;;;;
;;;;;;;;;;;;
;;;;;;;;;;;;
;;;;;;;;;;;;
;;;;;;;;;;;;
;;;;;;;;;;;;
;;;;;;;;;;;;
;;;;;;;;;;;;
;;;;;;;;;;;;
;;;;;;;;;;;;
;;;;;;;;;;;;
;;;;;;;;;;;;
;;;;;;;;;;;;
;;;;;;;;;;;;
;;;;;;;;;;;;
;;;;;;;;;;;;
;;;;;;;;;;;;
;;;;;;;;;;;;
;;;;;;;;;;;;
;;;;;;;;;;;;
;;;;;;;;;;;;
;;;;;;;;;;;;
;;;;;;;;;;;;
;;;;;;;;;;;;
;;;;;;;;;;;;
;;;;;;;;;;;;
;;;;;;;;;;;;
;;;;;;;;;;;;
;;;;;;;;;;;;
;;;;;;;;;;;;
;;;;;;;;;;;;
;;;;;;;;;;;;
;;;;;;;;;;;;
;;;;;;;;;;;;
;;;;;;;;;;;;
;;;;;;;;;;;;
;;;;;;;;;;;;
;;;;;;;;;;;;
;;;;;;;;;;;;
;;;;;;;;;;;;
;;;;;;;;;;;;
;;;;;;;;;;;;
;;;;;;;;;;;;
;;;;;;;;;;;;
;;;;;;;;;;;;
;;;;;;;;;;;;
;;;;;;;;;;;;
;;;;;;;;;;;;
;;;;;;;;;;;;
;;;;;;;;;;;;
;;;;;;;;;;;;
;;;;;;;;;;;;
;;;;;;;;;;;;
;;;;;;;;;;;;
;;;;;;;;;;;;
;;;;;;;;;;;;
;;;;;;;;;;;;
;;;;;;;;;;;;
;;;;;;;;;;;;
;;;;;;;;;;;;
;;;;;;;;;;;;
;;;;;;;;;;;;
;;;;;;;;;;;;
;;;;;;;;;;;;
;;;;;;;;;;;;
;;;;;;;;;;;;
;;;;;;;;;;;;
;;;;;;;;;;;;
;;;;;;;;;;;;
;;;;;;;;;;;;
;;;;;;;;;;;;
;;;;;;;;;;;;
;;;;;;;;;;;;
;;;;;;;;;;;;
;;;;;;;;;;;;
;;;;;;;;;;;;
;;;;;;;;;;;;
;;;;;;;;;;;;
;;;;;;;;;;;;
;;;;;;;;;;;;
;;;;;;;;;;;;
;;;;;;;;;;;;
;;;;;;;;;;;;
;;;;;;;;;;;;
;;;;;;;;;;;;
;;;;;;;;;;;;
;;;;;;;;;;;;
;;;;;;;;;;;;
;;;;;;;;;;;;
;;;;;;;;;;;;
;;;;;;;;;;;;
;;;;;;;;;;;;
;;;;;;;;;;;;
;;;;;;;;;;;;
;;;;;;;;;;;;
;;;;;;;;;;;;
;;;;;;;;;;;;
;;;;;;;;;;;;
;;;;;;;;;;;;
;;;;;;;;;;;;
;;;;;;;;;;;;
;;;;;;;;;;;;
;;;;;;;;;;;;
;;;;;;;;;;;;
;;;;;;;;;;;;
;;;;;;;;;;;;
;;;;;;;;;;;;
;;;;;;;;;;;;
;;;;;;;;;;;;
;;;;;;;;;;;;
;;;;;;;;;;;;
;;;;;;;;;;;;
;;;;;;;;;;;;
;;;;;;;;;;;;
;;;;;;;;;;;;
;;;;;;;;;;;;
;;;;;;;;;;;;
;;;;;;;;;;;;
;;;;;;;;;;;;
;;;;;;;;;;;;
;;;;;;;;;;;;
;;;;;;;;;;;;
;;;;;;;;;;;;
;;;;;;;;;;;;
;;;;;;;;;;;;
;;;;;;;;;;;;
;;;;;;;;;;;;
;;;;;;;;;;;;
;;;;;;;;;;;;
;;;;;;;;;;;;
;;;;;;;;;;;;
;;;;;;;;;;;;
;;;;;;;;;;;;
;;;;;;;;;;;;
;;;;;;;;;;;;
;;;;;;;;;;;;
;;;;;;;;;;;;
;;;;;;;;;;;;
;;;;;;;;;;;;
;;;;;;;;;;;;
;;;;;;;;;;;;
;;;;;;;;;;;;
;;;;;;;;;;;;
;;;;;;;;;;;;
;;;;;;;;;;;;
;;;;;;;;;;;;
;;;;;;;;;;;;
;;;;;;;;;;;;
;;;;;;;;;;;;
;;;;;;;;;;;;
;;;;;;;;;;;;
;;;;;;;;;;;;
;;;;;;;;;;;;
;;;;;;;;;;;;
;;;;;;;;;;;;
;;;;;;;;;;;;
;;;;;;;;;;;;
;;;;;;;;;;;;
;;;;;;;;;;;;
;;;;;;;;;;;;
;;;;;;;;;;;;
;;;;;;;;;;;;
;;;;;;;;;;;;
;;;;;;;;;;;;
;;;;;;;;;;;;
;;;;;;;;;;;;
;;;;;;;;;;;;
;;;;;;;;;;;;
;;;;;;;;;;;;
;;;;;;;;;;;;
;;;;;;;;;;;;
;;;;;;;;;;;;
;;;;;;;;;;;;
;;;;;;;;;;;;
;;;;;;;;;;;;
;;;;;;;;;;;;
;;;;;;;;;;;;
;;;;;;;;;;;;
;;;;;;;;;;;;
;;;;;;;;;;;;
;;;;;;;;;;;;
;;;;;;;;;;;;
;;;;;;;;;;;;
;;;;;;;;;;;;
;;;;;;;;;;;;
;;;;;;;;;;;;
;;;;;;;;;;;;
;;;;;;;;;;;;
;;;;;;;;;;;;
;;;;;;;;;;;;
;;;;;;;;;;;;
;;;;;;;;;;;;
;;;;;;;;;;;;
;;;;;;;;;;;;
;;;;;;;;;;;;
;;;;;;;;;;;;
;;;;;;;;;;;;
;;;;;;;;;;;;
;;;;;;;;;;;;
;;;;;;;;;;;;
;;;;;;;;;;;;
;;;;;;;;;;;;
;;;;;;;;;;;;
;;;;;;;;;;;;
;;;;;;;;;;;;
;;;;;;;;;;;;
;;;;;;;;;;;;
;;;;;;;;;;;;
;;;;;;;;;;;;
;;;;;;;;;;;;
;;;;;;;;;;;;
;;;;;;;;;;;;
;;;;;;;;;;;;
;;;;;;;;;;;;
;;;;;;;;;;;;
;;;;;;;;;;;;
;;;;;;;;;;;;
;;;;;;;;;;;;
;;;;;;;;;;;;
;;;;;;;;;;;;
;;;;;;;;;;;;
;;;;;;;;;;;;
;;;;;;;;;;;;
;;;;;;;;;;;;
;;;;;;;;;;;;
;;;;;;;;;;;;
;;;;;;;;;;;;
;;;;;;;;;;;;
;;;;;;;;;;;;
;;;;;;;;;;;;
;;;;;;;;;;;;
;;;;;;;;;;;;
;;;;;;;;;;;;
;;;;;;;;;;;;
;;;;;;;;;;;;
;;;;;;;;;;;;
;;;;;;;;;;;;
;;;;;;;;;;;;
;;;;;;;;;;;;
;;;;;;;;;;;;
;;;;;;;;;;;;
;;;;;;;;;;;;
;;;;;;;;;;;;
;;;;;;;;;;;;
;;;;;;;;;;;;
;;;;;;;;;;;;
;;;;;;;;;;;;
;;;;;;;;;;;;
;;;;;;;;;;;;
;;;;;;;;;;;;
;;;;;;;;;;;;
;;;;;;;;;;;;
;;;;;;;;;;;;
;;;;;;;;;;;;
;;;;;;;;;;;;
;;;;;;;;;;;;
;;;;;;;;;;;;
;;;;;;;;;;;;
;;;;;;;;;;;;
;;;;;;;;;;;;
;;;;;;;;;;;;
;;;;;;;;;;;;
;;;;;;;;;;;;
;;;;;;;;;;;;
;;;;;;;;;;;;
;;;;;;;;;;;;
;;;;;;;;;;;;
;;;;;;;;;;;;
;;;;;;;;;;;;
;;;;;;;;;;;;
;;;;;;;;;;;;
;;;;;;;;;;;;
;;;;;;;;;;;;
;;;;;;;;;;;;
;;;;;;;;;;;;
;;;;;;;;;;;;
;;;;;;;;;;;;
;;;;;;;;;;;;
;;;;;;;;;;;;
;;;;;;;;;;;;
;;;;;;;;;;;;
;;;;;;;;;;;;
;;;;;;;;;;;;
;;;;;;;;;;;;
;;;;;;;;;;;;
;;;;;;;;;;;;
;;;;;;;;;;;;
;;;;;;;;;;;;
;;;;;;;;;;;;
;;;;;;;;;;;;
;;;;;;;;;;;;
;;;;;;;;;;;;
;;;;;;;;;;;;
;;;;;;;;;;;;
;;;;;;;;;;;;
;;;;;;;;;;;;
;;;;;;;;;;;;
;;;;;;;;;;;;
;;;;;;;;;;;;
;;;;;;;;;;;;
;;;;;;;;;;;;
;;;;;;;;;;;;
;;;;;;;;;;;;
;;;;;;;;;;;;
;;;;;;;;;;;;
;;;;;;;;;;;;
;;;;;;;;;;;;
;;;;;;;;;;;;
;;;;;;;;;;;;
;;;;;;;;;;;;
;;;;;;;;;;;;
;;;;;;;;;;;;
;;;;;;;;;;;;
;;;;;;;;;;;;
;;;;;;;;;;;;
;;;;;;;;;;;;
;;;;;;;;;;;;
;;;;;;;;;;;;
;;;;;;;;;;;;
;;;;;;;;;;;;
;;;;;;;;;;;;
;;;;;;;;;;;;
;;;;;;;;;;;;
;;;;;;;;;;;;
;;;;;;;;;;;;
;;;;;;;;;;;;
;;;;;;;;;;;;
;;;;;;;;;;;;
;;;;;;;;;;;;
;;;;;;;;;;;;
;;;;;;;;;;;;
;;;;;;;;;;;;
;;;;;;;;;;;;
;;;;;;;;;;;;
;;;;;;;;;;;;
;;;;;;;;;;;;
;;;;;;;;;;;;
;;;;;;;;;;;;
;;;;;;;;;;;;
;;;;;;;;;;;;
;;;;;;;;;;;;
;;;;;;;;;;;;
;;;;;;;;;;;;
;;;;;;;;;;;;
;;;;;;;;;;;;
;;;;;;;;;;;;
;;;;;;;;;;;;
;;;;;;;;;;;;
;;;;;;;;;;;;
;;;;;;;;;;;;
;;;;;;;;;;;;
;;;;;;;;;;;;
;;;;;;;;;;;;
;;;;;;;;;;;;
;;;;;;;;;;;;
;;;;;;;;;;;;
;;;;;;;;;;;;
;;;;;;;;;;;;
;;;;;;;;;;;;
;;;;;;;;;;;;
;;;;;;;;;;;;
;;;;;;;;;;;;
;;;;;;;;;;;;
;;;;;;;;;;;;
;;;;;;;;;;;;
;;;;;;;;;;;;
;;;;;;;;;;;;
;;;;;;;;;;;;
;;;;;;;;;;;;
;;;;;;;;;;;;
;;;;;;;;;;;;
;;;;;;;;;;;;
;;;;;;;;;;;;
;;;;;;;;;;;;
;;;;;;;;;;;;
;;;;;;;;;;;;
;;;;;;;;;;;;
;;;;;;;;;;;;
;;;;;;;;;;;;
;;;;;;;;;;;;
;;;;;;;;;;;;
;;;;;;;;;;;;
;;;;;;;;;;;;
;;;;;;;;;;;;
;;;;;;;;;;;;
;;;;;;;;;;;;
;;;;;;;;;;;;
;;;;;;;;;;;;
;;;;;;;;;;;;
;;;;;;;;;;;;
;;;;;;;;;;;;
;;;;;;;;;;;;
;;;;;;;;;;;;
;;;;;;;;;;;;
;;;;;;;;;;;;
;;;;;;;;;;;;
;;;;;;;;;;;;
;;;;;;;;;;;;
;;;;;;;;;;;;
;;;;;;;;;;;;
;;;;;;;;;;;;
;;;;;;;;;;;;
;;;;;;;;;;;;
;;;;;;;;;;;;
;;;;;;;;;;;;
;;;;;;;;;;;;
;;;;;;;;;;;;
;;;;;;;;;;;;
;;;;;;;;;;;;
;;;;;;;;;;;;
;;;;;;;;;;;;
;;;;;;;;;;;;
;;;;;;;;;;;;
;;;;;;;;;;;;
;;;;;;;;;;;;
;;;;;;;;;;;;
;;;;;;;;;;;;
;;;;;;;;;;;;
;;;;;;;;;;;;
;;;;;;;;;;;;
;;;;;;;;;;;;
;;;;;;;;;;;;
